"coef","est","lo","hi","arm","rep"
"x1",1.99983750549122,1.88795244917547,2.11172256180696,"FULL",1
"x2",-0.971935208716688,-1.08429162547789,-0.859578791955486,"FULL",1
"gb",1.42899859164741,1.2329059128701,1.62509127042472,"FULL",1
"x1",1.93948134356768,1.74925585505831,2.12970683207706,"CC",1
"x2",-0.948073898429751,-1.11696795846308,-0.779179838396424,"CC",1
"gb",1.30515513282575,0.996427304010069,1.61388296164143,"CC",1
"x1",2.04925549870704,1.87834086268365,2.22017013473042,"MI",1
"x2",-0.985519840167508,-1.13401905837621,-0.837020621958809,"MI",1
"gb",1.41477722977691,1.09014949094631,1.7394049686075,"MI",1
"x1",2.0791870816894,1.89605298090848,2.26232118247033,"PMM",1
"x2",-0.964986430578216,-1.18249168122246,-0.747481179933977,"PMM",1
"gb",1.38415992154652,1.03711892088074,1.7312009222123,"PMM",1
"x1",1.97833900459743,1.85034674038708,2.10633126880779,"FULL",2
"x2",-0.989136446627204,-1.10576338174436,-0.872509511510047,"FULL",2
"gb",1.54724587815277,1.33927245321076,1.75521930309478,"FULL",2
"x1",1.92849050959216,1.71865775252255,2.13832326666177,"CC",2
"x2",-1.06887631581655,-1.24181388129402,-0.895938750339079,"CC",2
"gb",1.35184337507813,1.03600831497394,1.66767843518231,"CC",2
"x1",2.07231560686478,1.87058748766011,2.27404372606944,"MI",2
"x2",-1.07253884301819,-1.21237660662025,-0.932701079416117,"MI",2
"gb",1.4854266390166,1.15979283891369,1.81106043911952,"MI",2
"x1",2.1281392897963,1.89566427074539,2.36061430884721,"PMM",2
"x2",-1.02959937690083,-1.25686079889626,-0.802337954905395,"PMM",2
"gb",1.45993756062889,1.0953119749099,1.82456314634789,"PMM",2
"x1",2.034643226018,1.91223441466569,2.15705203737031,"FULL",3
"x2",-0.918981923023988,-1.02984227916002,-0.808121566887951,"FULL",3
"gb",1.23800781159772,1.0349407059515,1.44107491724394,"FULL",3
"x1",1.95060712484501,1.77763878864802,2.12357546104201,"CC",3
"x2",-0.844503095733987,-0.997284628203463,-0.691721563264511,"CC",3
"gb",1.1851609751242,0.893489951813876,1.47683199843452,"CC",3
"x1",2.03881795412725,1.89076936408913,2.18686654416537,"MI",3
"x2",-0.859141161655952,-0.97592693203817,-0.742355391273733,"MI",3
"gb",1.19910776420065,0.88807675810348,1.51013877029783,"MI",3
"x1",2.05464913369936,1.86279677727519,2.24650149012353,"PMM",3
"x2",-0.849005439813294,-1.00711511423076,-0.690895765395824,"PMM",3
"gb",1.16271882444234,0.8287812870969,1.49665636178778,"PMM",3
"x1",1.97673913042846,1.86281051561677,2.09066774524015,"FULL",4
"x2",-1.12530971033244,-1.23882596604424,-1.01179345462065,"FULL",4
"gb",1.42158798423489,1.21134459573835,1.63183137273142,"FULL",4
"x1",1.8888349270701,1.69510731177907,2.08256254236113,"CC",4
"x2",-1.10553183402926,-1.27136316855283,-0.939700499505694,"CC",4
"gb",1.13498211743208,0.787712037014336,1.48225219784983,"CC",4
"x1",1.99876499675906,1.82143913501004,2.17609085850807,"MI",4
"x2",-1.09281245031255,-1.23665087089432,-0.948974029730782,"MI",4
"gb",1.38629208265222,1.01005411772494,1.7625300475795,"MI",4
"x1",2.02641424058268,1.87330621641305,2.17952226475232,"PMM",4
"x2",-1.10065583966461,-1.27204240201173,-0.929269277317481,"PMM",4
"gb",1.26797293710238,0.974726291416317,1.56121958278844,"PMM",4
"x1",1.90840277335442,1.7971223254483,2.01968322126054,"FULL",5
"x2",-0.971477507149234,-1.07978721815388,-0.863167796144588,"FULL",5
"gb",1.27882471355155,1.08238816873489,1.47526125836822,"FULL",5
"x1",1.8664233738015,1.70773586091979,2.02511088668321,"CC",5
"x2",-0.9879826327457,-1.13971850647979,-0.836246759011611,"CC",5
"gb",1.17612329507296,0.898027128716009,1.45421946142992,"CC",5
"x1",1.95988629501912,1.82955944558103,2.09021314445721,"MI",5
"x2",-1.05007809165582,-1.22143418227161,-0.878722001040023,"MI",5
"gb",1.23451039223735,0.964163524970108,1.5048572595046,"MI",5
"x1",1.90834875737766,1.73968722916525,2.07701028559008,"PMM",5
"x2",-0.996660430680825,-1.17772601845258,-0.815594842909068,"PMM",5
"gb",1.26213169604484,1.02982820971457,1.4944351823751,"PMM",5
"x1",1.93244066369012,1.8184382074221,2.04644311995814,"FULL",6
"x2",-0.938208466632776,-1.0465327506391,-0.829884182626455,"FULL",6
"gb",1.66707173086842,1.46631776391895,1.86782569781788,"FULL",6
"x1",1.81614675161309,1.64129490595748,1.99099859726869,"CC",6
"x2",-0.889287836164977,-1.05372545405746,-0.724850218272491,"CC",6
"gb",1.7566505819435,1.45029694001456,2.06300422387245,"CC",6
"x1",1.92540000025911,1.79686703424561,2.05393296627261,"MI",6
"x2",-0.978243776291151,-1.1277029898857,-0.828784562696602,"MI",6
"gb",1.70519762486415,1.45492452238627,1.95547072734203,"MI",6
"x1",1.96036418242482,1.82646603064016,2.09426233420949,"PMM",6
"x2",-0.959597768923203,-1.08021490017365,-0.83898063767275,"PMM",6
"gb",1.72562035274543,1.42169057046665,2.02955013502421,"PMM",6
"x1",2.02443880339902,1.904319019084,2.14455858771404,"FULL",7
"x2",-1.0103187160267,-1.12596794141203,-0.894669490641364,"FULL",7
"gb",1.4648518823879,1.25551701456431,1.67418675021148,"FULL",7
"x1",1.93711116518161,1.73348739617505,2.14073493418817,"CC",7
"x2",-0.995379381333662,-1.1949413664801,-0.795817396187219,"CC",7
"gb",1.29344886065279,0.959164491403294,1.6277332299023,"CC",7
"x1",2.01540883445192,1.76099445464748,2.26982321425636,"MI",7
"x2",-1.07321889701571,-1.32537633651084,-0.821061457520588,"MI",7
"gb",1.41143308356936,1.15351765132304,1.66934851581568,"MI",7
"x1",2.07998422720098,1.93846147747867,2.22150697692329,"PMM",7
"x2",-1.09071131750601,-1.2170254513296,-0.964397183682431,"PMM",7
"gb",1.29648568058742,0.907426979037,1.68554438213783,"PMM",7
"x1",1.99614182050114,1.88631820096481,2.10596544003746,"FULL",8
"x2",-1.09602067085248,-1.21627892387382,-0.975762417831141,"FULL",8
"gb",1.45393546524571,1.24562123843983,1.66224969205159,"FULL",8
"x1",1.93147495433517,1.76288011016433,2.10006979850601,"CC",8
"x2",-1.03927453232507,-1.21055725210093,-0.86799181254922,"CC",8
"gb",1.30509764643577,0.987179170656535,1.623016122215,"CC",8
"x1",2.01272253193527,1.8724117124641,2.15303335140643,"MI",8
"x2",-1.09005194139053,-1.21674099456729,-0.963362888213774,"MI",8
"gb",1.4243117020852,1.10725704442329,1.74136635974712,"MI",8
"x1",2.02620061539177,1.89730924643579,2.15509198434774,"PMM",8
"x2",-1.04237309926044,-1.19810798793057,-0.88663821059031,"PMM",8
"gb",1.40822032128269,0.926562139045845,1.88987850351953,"PMM",8
"x1",1.89479270673774,1.77753637472947,2.012049038746,"FULL",9
"x2",-0.952587466055753,-1.06415570246759,-0.841019229643918,"FULL",9
"gb",1.48837905933051,1.28210331523957,1.69465480342146,"FULL",9
"x1",1.89876883340178,1.7139099371907,2.08362772961287,"CC",9
"x2",-0.972153020653016,-1.14411302042462,-0.800193020881407,"CC",9
"gb",1.48484129387919,1.16254368450833,1.80713890325005,"CC",9
"x1",1.90448298471248,1.74984474404476,2.0591212253802,"MI",9
"x2",-0.940451061447951,-1.0677977094846,-0.8131044134113,"MI",9
"gb",1.69719080276044,1.47730885675156,1.91707274876932,"MI",9
"x1",1.93051074083974,1.77305062746259,2.08797085421688,"PMM",9
"x2",-0.943849325435837,-1.10315971365907,-0.784538937212604,"PMM",9
"gb",1.67357682350156,1.37677034762153,1.97038329938158,"PMM",9
"x1",1.95881808144694,1.84481451811351,2.07282164478037,"FULL",10
"x2",-0.884411702886719,-1.00272895830726,-0.766094447466177,"FULL",10
"gb",1.39948968412699,1.20047086314462,1.59850850510937,"FULL",10
"x1",1.85279109798297,1.6619194862395,2.04366270972644,"CC",10
"x2",-0.881090001429743,-1.07845621243323,-0.683723790426252,"CC",10
"gb",1.34355656981085,1.0443139402736,1.6427991993481,"CC",10
"x1",1.93308121815849,1.76863344674427,2.09752898957272,"MI",10
"x2",-0.907865921485817,-1.09635669113729,-0.719375151834345,"MI",10
"gb",1.38060099406567,1.11008841576421,1.65111357236714,"MI",10
"x1",2.01789557708194,1.86121249246755,2.17457866169634,"PMM",10
"x2",-0.875578649325646,-1.04740286335748,-0.703754435293812,"PMM",10
"gb",1.54539338232271,1.31008668910922,1.78070007553619,"PMM",10
"x1",2.06699801708803,1.96344165125798,2.17055438291808,"FULL",11
"x2",-0.891438648162549,-1.00246031985033,-0.780416976474771,"FULL",11
"gb",1.49529454658789,1.29534234314176,1.69524675003401,"FULL",11
"x1",1.91786768952885,1.74761552191889,2.0881198571388,"CC",11
"x2",-0.754523161364914,-0.929768166035936,-0.579278156693892,"CC",11
"gb",1.25656370887531,0.929280251195457,1.58384716655517,"CC",11
"x1",1.92256262789478,1.75196911719267,2.09315613859688,"MI",11
"x2",-0.746702947691887,-0.877468523459689,-0.615937371924086,"MI",11
"gb",1.37357426291315,1.00191583383781,1.74523269198849,"MI",11
"x1",1.97857715836856,1.73704128113588,2.22011303560123,"PMM",11
"x2",-0.736661158813223,-1.04362002166796,-0.429702295958482,"PMM",11
"gb",1.372359814716,1.08689395663386,1.65782567279813,"PMM",11
"x1",1.91764213187852,1.78802152345091,2.04726274030612,"FULL",12
"x2",-0.942251555300119,-1.07309210463559,-0.811411005964651,"FULL",12
"gb",1.39851433158514,1.19032894796429,1.60669971520599,"FULL",12
"x1",1.78521736436025,1.59284072949044,1.97759399923007,"CC",12
"x2",-0.737510451955334,-0.921111649383314,-0.553909254527354,"CC",12
"gb",1.16406806455281,0.861907166245138,1.46622896286048,"CC",12
"x1",1.90032748621301,1.7475667814305,2.05308819099552,"MI",12
"x2",-0.85845838615422,-0.989357939409823,-0.727558832898616,"MI",12
"gb",1.27707977241225,0.989246783257571,1.56491276156693,"MI",12
"x1",1.93861768366347,1.79671850196444,2.08051686536249,"PMM",12
"x2",-0.852361448369013,-1.00706667121144,-0.697656225526584,"PMM",12
"gb",1.35306974880171,1.12916995905868,1.57696953854474,"PMM",12
"x1",2.10254456809351,1.98252464049593,2.22256449569109,"FULL",13
"x2",-1.01225475616751,-1.12349517636317,-0.901014335971855,"FULL",13
"gb",1.45483785135581,1.25133749970977,1.65833820300185,"FULL",13
"x1",2.08092830883033,1.88626280496174,2.27559381269891,"CC",13
"x2",-0.944646636751173,-1.1233891857431,-0.76590408775925,"CC",13
"gb",1.44575979912198,1.13330216897047,1.75821742927348,"CC",13
"x1",2.11119865120656,1.89630565591984,2.32609164649328,"MI",13
"x2",-0.98064488997098,-1.24162955847597,-0.71966022146599,"MI",13
"gb",1.6316973460886,1.39793156868119,1.865463123496,"MI",13
"x1",2.13748691101625,1.99100684362898,2.28396697840352,"PMM",13
"x2",-0.990868758368506,-1.14807724050323,-0.83366027623378,"PMM",13
"gb",1.57682886851032,1.2344635416526,1.91919419536804,"PMM",13
"x1",2.00889974208004,1.89022746311732,2.12757202104276,"FULL",14
"x2",-0.99402955718343,-1.1067860941933,-0.881273020173556,"FULL",14
"gb",1.51469113730324,1.30618234202075,1.72319993258573,"FULL",14
"x1",2.03447204204573,1.84347362498007,2.22547045911139,"CC",14
"x2",-0.98008194796984,-1.16467508787055,-0.795488808069128,"CC",14
"gb",1.45646287855323,1.13315010951175,1.77977564759471,"CC",14
"x1",2.00225781991852,1.82863446510313,2.17588117473392,"MI",14
"x2",-1.0144496709042,-1.16265340641206,-0.866245935396351,"MI",14
"gb",1.48839117025879,1.2480585637324,1.72872377678518,"MI",14
"x1",2.0986871120572,1.94522420409663,2.25215002001777,"PMM",14
"x2",-1.05555598452103,-1.21678982317459,-0.894322145867464,"PMM",14
"gb",1.4786934104904,1.24930438651009,1.70808243447072,"PMM",14
"x1",2.04812587013557,1.9298482885833,2.16640345168784,"FULL",15
"x2",-1.09274300748324,-1.20801906231885,-0.977466952647625,"FULL",15
"gb",1.59768019618498,1.39048998829768,1.80487040407229,"FULL",15
"x1",2.0070042190442,1.83708372532742,2.17692471276097,"CC",15
"x2",-1.04907216451904,-1.20336616921261,-0.894778159825466,"CC",15
"gb",1.38762003775071,1.09393425716996,1.68130581833147,"CC",15
"x1",2.05690637698897,1.92152052606445,2.19229222791349,"MI",15
"x2",-1.0507672359067,-1.17059127308847,-0.930943198724936,"MI",15
"gb",1.54373754492106,1.28379603767845,1.80367905216367,"MI",15
"x1",2.04852717127587,1.90562446772585,2.19142987482588,"PMM",15
"x2",-1.05790928525467,-1.21917344104369,-0.896645129465657,"PMM",15
"gb",1.51360684522184,1.11434242750581,1.91287126293788,"PMM",15
"x1",2.00243986309528,1.89829002375285,2.10658970243771,"FULL",16
"x2",-0.972309944837182,-1.07874559845859,-0.86587429121577,"FULL",16
"gb",1.35963229244998,1.16860959846304,1.55065498643693,"FULL",16
"x1",1.82146627673713,1.66837880369045,1.9745537497838,"CC",16
"x2",-0.768255289363846,-0.929103124864367,-0.607407453863324,"CC",16
"gb",1.20529823691422,0.936212161656729,1.4743843121717,"CC",16
"x1",1.97938620374472,1.83714772616101,2.12162468132843,"MI",16
"x2",-0.927223606737275,-1.07403356741825,-0.780413646056303,"MI",16
"gb",1.40815576807664,1.13537125543763,1.68094028071566,"MI",16
"x1",1.99574879647076,1.86257120335236,2.12892638958915,"PMM",16
"x2",-0.906797521126838,-1.11758160304653,-0.696013439207148,"PMM",16
"gb",1.32752572913242,1.04680563298079,1.60824582528406,"PMM",16
"x1",2.03277919370066,1.91752070508171,2.14803768231962,"FULL",17
"x2",-0.917152001740701,-1.03870263350754,-0.795601369973866,"FULL",17
"gb",1.66611204599264,1.45386379833615,1.87836029364913,"FULL",17
"x1",1.83219464395556,1.65652389237058,2.00786539554054,"CC",17
"x2",-0.82991174944044,-1.00807494711725,-0.651748551763627,"CC",17
"gb",1.69057576380793,1.3379302087876,2.04322131882826,"CC",17
"x1",1.96678202494922,1.80900161865928,2.12456243123915,"MI",17
"x2",-0.906368825949432,-1.04330697728358,-0.769430674615281,"MI",17
"gb",1.67921455094026,1.41169378687209,1.94673531500843,"MI",17
"x1",1.99630565305677,1.81367760281894,2.17893370329461,"PMM",17
"x2",-0.8427800993504,-1.00412733837174,-0.681432860329059,"PMM",17
"gb",1.66370024121588,1.17357580551724,2.15382467691452,"PMM",17
"x1",2.04366305877755,1.92500232591053,2.16232379164457,"FULL",18
"x2",-1.08559663740756,-1.2124029671971,-0.958790307618029,"FULL",18
"gb",1.63893142633679,1.42483729677457,1.85302555589901,"FULL",18
"x1",1.84854702073343,1.65168312072793,2.04541092073892,"CC",18
"x2",-1.04320247147683,-1.22219063079181,-0.864214312161849,"CC",18
"gb",1.48057753502156,1.15076804479132,1.8103870252518,"CC",18
"x1",2.05902666263257,1.90555360238023,2.21249972288492,"MI",18
"x2",-1.07556212278228,-1.22670804264775,-0.924416202916815,"MI",18
"gb",1.52793148259321,1.26227368167541,1.793589283511,"MI",18
"x1",2.06776225967152,1.90717489226276,2.22834962708028,"PMM",18
"x2",-1.11318673628308,-1.28721977038301,-0.939153702183146,"PMM",18
"gb",1.57441267536021,1.16412436053259,1.98470099018783,"PMM",18
"x1",2.04178402351549,1.93006556754861,2.15350247948236,"FULL",19
"x2",-0.941782573404169,-1.0498469360167,-0.833718210791643,"FULL",19
"gb",1.66078387515631,1.46029738404493,1.86127036626769,"FULL",19
"x1",1.9662776493427,1.7951268513534,2.13742844733201,"CC",19
"x2",-0.984509774804176,-1.14225249173778,-0.826767057870573,"CC",19
"gb",1.51809872773757,1.2051376330735,1.83105982240163,"CC",19
"x1",2.04420079914648,1.84848569139206,2.23991590690091,"MI",19
"x2",-0.952729967128354,-1.11593968988553,-0.78952024437118,"MI",19
"gb",1.77584871754448,1.53678979222161,2.01490764286734,"MI",19
"x1",2.03425733131422,1.81983390060137,2.24868076202707,"PMM",19
"x2",-0.964543582167364,-1.13587896730563,-0.793208197029103,"PMM",19
"gb",1.75713919141939,1.49892258573137,2.01535579710741,"PMM",19
"x1",2.04799587809537,1.93129332979977,2.16469842639096,"FULL",20
"x2",-0.999929725791222,-1.11605918905571,-0.883800262526732,"FULL",20
"gb",1.62328019298417,1.41679199284014,1.82976839312819,"FULL",20
"x1",1.88729860003151,1.68388724569076,2.09070995437227,"CC",20
"x2",-0.862418827137603,-1.06393210029514,-0.660905553980068,"CC",20
"gb",1.68148882992009,1.33983414582508,2.0231435140151,"CC",20
"x1",2.01583056807151,1.85485608267315,2.17680505346987,"MI",20
"x2",-0.887376771522497,-1.09956000409419,-0.675193538950807,"MI",20
"gb",1.87473913208544,1.62564493845674,2.12383332571415,"MI",20
"x1",2.09216994679656,1.93706730100376,2.24727259258937,"PMM",20
"x2",-0.963401313626433,-1.14233286387622,-0.784469763376643,"PMM",20
"gb",1.79035908310449,1.42975210866329,2.15096605754568,"PMM",20
"x1",2.02778200594999,1.92122994675139,2.1343340651486,"FULL",21
"x2",-0.954736678611039,-1.05690224922624,-0.852571107995835,"FULL",21
"gb",1.56814105067612,1.38468697763198,1.75159512372026,"FULL",21
"x1",1.8747193193765,1.69688203578768,2.05255660296532,"CC",21
"x2",-0.955343223411852,-1.10708173681112,-0.803604710012581,"CC",21
"gb",1.39283943305132,1.123541440703,1.66213742539964,"CC",21
"x1",2.00008626348634,1.86501412099013,2.13515840598255,"MI",21
"x2",-1.02081374501043,-1.13648226883975,-0.905145221181119,"MI",21
"gb",1.43548427017186,1.21692692479181,1.65404161555191,"MI",21
"x1",2.05738068131511,1.93109145111954,2.18366991151068,"PMM",21
"x2",-1.00492150974286,-1.16027467939937,-0.84956834008634,"PMM",21
"gb",1.53911519920585,1.18008515255061,1.89814524586108,"PMM",21
"x1",2.03284023885308,1.92460138393703,2.14107909376912,"FULL",22
"x2",-0.993865595733746,-1.10158997208003,-0.88614121938746,"FULL",22
"gb",1.67384143540324,1.47943443022808,1.8682484405784,"FULL",22
"x1",1.99446055857452,1.81792465671571,2.17099646043332,"CC",22
"x2",-0.944397015766139,-1.11043194889276,-0.778362082639523,"CC",22
"gb",1.37813821184844,1.06662918828754,1.68964723540933,"CC",22
"x1",2.06962848771187,1.86474460399103,2.27451237143272,"MI",22
"x2",-0.918025661017672,-1.1890338900472,-0.647017431988139,"MI",22
"gb",1.72028253217925,1.43435516671253,2.00620989764597,"MI",22
"x1",2.1126753518029,1.95891108143315,2.26643962217264,"PMM",22
"x2",-0.960846392904183,-1.13477098608365,-0.786921799724715,"PMM",22
"gb",1.58496344765379,1.28291821123544,1.88700868407215,"PMM",22
"x1",2.04567698286495,1.93145950788204,2.15989445784785,"FULL",23
"x2",-1.08781541570603,-1.20452965815112,-0.971101173260943,"FULL",23
"gb",1.52993645722506,1.32537146276829,1.73450145168182,"FULL",23
"x1",2.01457330300799,1.82824434318731,2.20090226282867,"CC",23
"x2",-1.16861709215194,-1.33962536928729,-0.997608815016588,"CC",23
"gb",1.38707278816923,1.07005711339824,1.70408846294023,"CC",23
"x1",2.1038725056191,1.92225412506109,2.2854908861771,"MI",23
"x2",-1.22124984552014,-1.37194651543308,-1.07055317560719,"MI",23
"gb",1.51718153057963,1.12997274943873,1.90439031172053,"MI",23
"x1",2.1704831511868,2.00863045609114,2.33233584628246,"PMM",23
"x2",-1.2303139371712,-1.38782704722194,-1.07280082712045,"PMM",23
"gb",1.5223495002797,1.18735921001023,1.85733979054916,"PMM",23
"x1",1.95797398453333,1.84208229618384,2.07386567288282,"FULL",24
"x2",-0.981386002112985,-1.09439862489006,-0.868373379335913,"FULL",24
"gb",1.58023439490819,1.37670692283494,1.78376186698145,"FULL",24
"x1",1.73930454960013,1.56117359633686,1.9174355028634,"CC",24
"x2",-0.814784232171796,-0.967686275495309,-0.661882188848283,"CC",24
"gb",1.46713696726808,1.17107984828619,1.76319408624996,"CC",24
"x1",1.92072753070491,1.79399137471499,2.04746368669483,"MI",24
"x2",-0.895309431317029,-1.04152296811328,-0.749095894520781,"MI",24
"gb",1.68157260689501,1.41258722481454,1.95055798897548,"MI",24
"x1",1.89312302581963,1.654237418677,2.13200863296225,"PMM",24
"x2",-0.900876802504146,-1.10492822964869,-0.696825375359604,"PMM",24
"gb",1.59218603767163,1.28439532503081,1.89997675031246,"PMM",24
"x1",2.02273522481081,1.90910590227401,2.1363645473476,"FULL",25
"x2",-0.981625387150838,-1.09512219477193,-0.868128579529742,"FULL",25
"gb",1.6077885000955,1.41184670683703,1.80373029335396,"FULL",25
"x1",1.89707861581731,1.72393849741691,2.07021873421771,"CC",25
"x2",-0.896669905279367,-1.06505051843693,-0.728289292121806,"CC",25
"gb",1.58139408496774,1.27219634085259,1.8905918290829,"CC",25
"x1",1.9893233349327,1.82689649442859,2.15175017543681,"MI",25
"x2",-0.867535296863823,-1.00838730331698,-0.726683290410668,"MI",25
"gb",1.56014880186442,1.30179858128836,1.81849902244048,"MI",25
"x1",2.00291633024186,1.81689377734012,2.1889388831436,"PMM",25
"x2",-0.846588614360218,-1.02005934931377,-0.67311787940667,"PMM",25
"gb",1.55227628849501,1.05390068122221,2.0506518957678,"PMM",25
"x1",1.99570496763847,1.88406124126238,2.10734869401456,"FULL",26
"x2",-1.06914845419467,-1.18467822099708,-0.953618687392265,"FULL",26
"gb",1.44932167947114,1.25110266443369,1.64754069450858,"FULL",26
"x1",1.88690127519942,1.72801748641764,2.0457850639812,"CC",26
"x2",-1.06104416867793,-1.22228034009587,-0.899807997259987,"CC",26
"gb",1.42060628041861,1.12882584301882,1.71238671781839,"CC",26
"x1",1.96218950684157,1.78168073063858,2.14269828304457,"MI",26
"x2",-1.06662136812214,-1.23925900142044,-0.893983734823833,"MI",26
"gb",1.45680754776517,1.23565595986897,1.67795913566137,"MI",26
"x1",1.98213327610917,1.84664527617499,2.11762127604335,"PMM",26
"x2",-1.06657849158504,-1.20875218960584,-0.924404793564247,"PMM",26
"gb",1.46056116547979,1.10913439180144,1.81198793915813,"PMM",26
"x1",2.0012710011558,1.88702641255887,2.11551558975272,"FULL",27
"x2",-1.00994098475015,-1.11864163604268,-0.901240333457617,"FULL",27
"gb",1.48678464520809,1.29247161793586,1.68109767248032,"FULL",27
"x1",1.99062716234317,1.82874153298539,2.15251279170095,"CC",27
"x2",-1.19045671075061,-1.342807418435,-1.03810600306621,"CC",27
"gb",1.24171178739284,0.976583831343851,1.50683974344182,"CC",27
"x1",2.10375877618366,1.98555518558294,2.22196236678438,"MI",27
"x2",-1.12896619976669,-1.25627500855782,-1.00165739097556,"MI",27
"gb",1.37028625689962,1.03575723283022,1.70481528096901,"MI",27
"x1",2.06472026718584,1.94034543029382,2.18909510407786,"PMM",27
"x2",-1.08181462010699,-1.19699430103007,-0.966634939183909,"PMM",27
"gb",1.40727011905451,1.11271000756247,1.70183023054654,"PMM",27
"x1",2.06474109326052,1.9494928251509,2.17998936137015,"FULL",28
"x2",-1.0088714984956,-1.12918773841723,-0.888555258573957,"FULL",28
"gb",1.52137663394406,1.31018606744275,1.73256720044536,"FULL",28
"x1",1.82856695694368,1.64479805660376,2.0123358572836,"CC",28
"x2",-0.949492795905865,-1.13425655223939,-0.764729039572335,"CC",28
"gb",1.41998310397463,1.0869358216215,1.75303038632776,"CC",28
"x1",1.96421130901842,1.81074091110494,2.11768170693189,"MI",28
"x2",-1.01276511648602,-1.20457650375837,-0.820953729213672,"MI",28
"gb",1.41187670630885,1.17515581856316,1.64859759405453,"MI",28
"x1",1.98361052158058,1.84195048807866,2.12527055508251,"PMM",28
"x2",-0.930862857164806,-1.12341022894074,-0.73831548538887,"PMM",28
"gb",1.44304686075708,1.17439142770527,1.71170229380889,"PMM",28
"x1",2.0246949740474,1.90624573444194,2.14314421365286,"FULL",29
"x2",-1.01962064346685,-1.13697999419603,-0.90226129273767,"FULL",29
"gb",1.34575075543183,1.14539785882489,1.54610365203877,"FULL",29
"x1",1.77204352948878,1.58819810848734,1.95588895049022,"CC",29
"x2",-0.894976749201435,-1.06033232528074,-0.729621173122131,"CC",29
"gb",1.26104005066057,0.981667936584426,1.54041216473671,"CC",29
"x1",2.05342623520877,1.92880250610764,2.1780499643099,"MI",29
"x2",-1.03381742717714,-1.17794821275247,-0.889686641601821,"MI",29
"gb",1.28431718393178,0.985006605172369,1.58362776269119,"MI",29
"x1",2.05299235280911,1.90523031910867,2.20075438650955,"PMM",29
"x2",-0.99599895676956,-1.14455279279698,-0.847445120742138,"PMM",29
"gb",1.23011004079763,0.976263631707498,1.48395644988776,"PMM",29
"x1",2.0081125250382,1.89230684032044,2.12391820975596,"FULL",30
"x2",-1.05936510342394,-1.17737772266249,-0.941352484185383,"FULL",30
"gb",1.4240670619031,1.21592920193479,1.6322049218714,"FULL",30
"x1",1.8320272208521,1.65104572305386,2.01300871865034,"CC",30
"x2",-1.08322487922109,-1.26088649681815,-0.905563261624028,"CC",30
"gb",1.61445656908826,1.31547060661975,1.91344253155678,"CC",30
"x1",1.96531310007158,1.81079036294944,2.11983583719372,"MI",30
"x2",-1.04609498769544,-1.19107283656917,-0.901117138821709,"MI",30
"gb",1.52484211279087,1.23120814611539,1.81847607946635,"MI",30
"x1",2.00885140105604,1.85551111283584,2.16219168927624,"PMM",30
"x2",-1.04127650742214,-1.19994175249724,-0.88261126234705,"PMM",30
"gb",1.59244598006097,1.26893148686544,1.9159604732565,"PMM",30
"x1",1.9977562102063,1.86686137488073,2.12865104553188,"FULL",31
"x2",-0.949618870285825,-1.07005533200538,-0.829182408566272,"FULL",31
"gb",1.41979522751486,1.19393659004132,1.64565386498841,"FULL",31
"x1",1.79981052934063,1.60162537512292,1.99799568355835,"CC",31
"x2",-0.8068443166161,-0.980618503662484,-0.633070129569715,"CC",31
"gb",1.18865852537188,0.8333944290557,1.54392262168805,"CC",31
"x1",1.94903702032478,1.78887366978647,2.10920037086308,"MI",31
"x2",-0.863792800004123,-1.00770674683889,-0.719878853169358,"MI",31
"gb",1.20847682509967,0.736973277433523,1.67998037276582,"MI",31
"x1",2.00613028857908,1.83863382691345,2.17362675024471,"PMM",31
"x2",-0.854412167844159,-0.999147062451138,-0.709677273237181,"PMM",31
"gb",1.39274812111033,1.04836021876103,1.73713602345963,"PMM",31
"x1",2.04671858099536,1.9322776640452,2.16115949794553,"FULL",32
"x2",-0.989081351269625,-1.11675365347653,-0.861409049062722,"FULL",32
"gb",1.51803116119368,1.31182103384914,1.72424128853822,"FULL",32
"x1",1.82732797883093,1.65326350624226,2.0013924514196,"CC",32
"x2",-0.863546142531199,-1.0537894196506,-0.6733028654118,"CC",32
"gb",1.30076024250469,0.995098517748243,1.60642196726113,"CC",32
"x1",1.90257237450925,1.63072918835594,2.17441556066256,"MI",32
"x2",-0.898500616141027,-1.1781446321653,-0.618856600116748,"MI",32
"gb",1.60502529086523,1.28914941065895,1.92090117107152,"MI",32
"x1",1.99170048864851,1.83808115943986,2.14531981785715,"PMM",32
"x2",-0.949718953825827,-1.10815832927634,-0.79127957837531,"PMM",32
"gb",1.59760347974687,1.32804559956559,1.86716135992814,"PMM",32
"x1",2.11320076302525,1.99102011978808,2.23538140626242,"FULL",33
"x2",-1.00599021852173,-1.1215013544848,-0.890479082558664,"FULL",33
"gb",1.4490892151532,1.24319758007678,1.65498085022962,"FULL",33
"x1",1.95683450191865,1.7618158492779,2.1518531545594,"CC",33
"x2",-0.953667625191001,-1.11562237763847,-0.791712872743537,"CC",33
"gb",1.40540455600237,1.08304687932417,1.72776223268057,"CC",33
"x1",2.18298279525367,2.00307837620557,2.36288721430177,"MI",33
"x2",-0.981964161558933,-1.12238013656585,-0.841548186552015,"MI",33
"gb",1.55065845137098,1.06332023624894,2.03799666649303,"MI",33
"x1",2.16268799405303,1.99345361742637,2.3319223706797,"PMM",33
"x2",-0.993142690139253,-1.15123211057006,-0.835053269708448,"PMM",33
"gb",1.53483900787253,1.28763045506434,1.78204756068073,"PMM",33
"x1",2.02814368646685,1.91180618994268,2.14448118299102,"FULL",34
"x2",-1.02059211383736,-1.14002525938488,-0.901158968289832,"FULL",34
"gb",1.46503011779874,1.25670010204874,1.67336013354873,"FULL",34
"x1",1.92175942814823,1.74156413594206,2.1019547203544,"CC",34
"x2",-0.954555369845662,-1.127831394845,-0.781279344846328,"CC",34
"gb",1.42800851396516,1.12606081592333,1.72995621200699,"CC",34
"x1",1.98308469027211,1.81138256011419,2.15478682043003,"MI",34
"x2",-0.948422820526583,-1.10558308853835,-0.79126255251482,"MI",34
"gb",1.60943206696996,1.38384362546142,1.8350205084785,"MI",34
"x1",2.01267931176617,1.88300005426802,2.14235856926431,"PMM",34
"x2",-0.971077488526608,-1.19214111016328,-0.750013866889934,"PMM",34
"gb",1.61369113039673,1.22649285169,2.00088940910346,"PMM",34
"x1",1.94583222196262,1.82787774448395,2.0637866994413,"FULL",35
"x2",-0.99538786071236,-1.11352768522246,-0.877248036202262,"FULL",35
"gb",1.56849637910525,1.35724551409523,1.77974724411527,"FULL",35
"x1",1.80067645000931,1.60271053458986,1.99864236542877,"CC",35
"x2",-0.955112317785558,-1.14282688531375,-0.767397750257364,"CC",35
"gb",1.5077271790861,1.17547824829208,1.83997610988012,"CC",35
"x1",1.96491054483258,1.7818967620287,2.14792432763646,"MI",35
"x2",-1.04166097150955,-1.22748537854739,-0.855836564471714,"MI",35
"gb",1.37726642776312,1.04838638258549,1.70614647294076,"MI",35
"x1",1.96635020093408,1.81349405100275,2.1192063508654,"PMM",35
"x2",-0.967066415238969,-1.13483826670239,-0.799294563775551,"PMM",35
"gb",1.44406685287725,1.06042280745456,1.82771089829993,"PMM",35
"x1",2.00996485308816,1.90441661231093,2.11551309386539,"FULL",36
"x2",-1.00308868633779,-1.11456274309308,-0.891614629582509,"FULL",36
"gb",1.46855364392714,1.27419200699827,1.662915280856,"FULL",36
"x1",1.94090099394803,1.78682068918133,2.09498129871473,"CC",36
"x2",-1.06397336082618,-1.22329353174598,-0.904653189906376,"CC",36
"gb",1.54950919447978,1.26392095680278,1.83509743215678,"CC",36
"x1",2.02837440441435,1.91318736518665,2.14356144364204,"MI",36
"x2",-1.0460052933726,-1.1684092323077,-0.923601354437501,"MI",36
"gb",1.60348468009,1.39937560434141,1.80759375583858,"MI",36
"x1",1.99160704575582,1.86939672882893,2.11381736268271,"PMM",36
"x2",-0.951592898740128,-1.07867695172254,-0.824508845757712,"PMM",36
"gb",1.57329303336633,1.28392942906731,1.86265663766535,"PMM",36
"x1",2.05085695333482,1.94263985518117,2.15907405148847,"FULL",37
"x2",-0.942005332581349,-1.04676004156504,-0.837250623597655,"FULL",37
"gb",1.68988794741961,1.49918473959408,1.88059115524514,"FULL",37
"x1",1.89259194858939,1.729283731339,2.05590016583978,"CC",37
"x2",-0.94859874088699,-1.09320088054916,-0.803996601224819,"CC",37
"gb",1.64639937571906,1.36534258357676,1.92745616786135,"CC",37
"x1",2.0923593518552,1.95931738129052,2.22540132241988,"MI",37
"x2",-1.00657980067206,-1.14141990566193,-0.871739695682184,"MI",37
"gb",1.77047721474221,1.47011768885976,2.07083674062465,"MI",37
"x1",2.13497053783587,1.97953735992146,2.29040371575028,"PMM",37
"x2",-1.04551505630718,-1.26709896804583,-0.823931144568526,"PMM",37
"gb",1.85206660679962,1.64418259255089,2.05995062104836,"PMM",37
"x1",2.03334267382913,1.91815931579637,2.1485260318619,"FULL",38
"x2",-1.03821451057547,-1.16191348721324,-0.914515533937698,"FULL",38
"gb",1.49820837767518,1.28800753765794,1.70840921769242,"FULL",38
"x1",1.99946488860728,1.81665921243293,2.18227056478163,"CC",38
"x2",-1.01504502952456,-1.20697744318119,-0.823112615867927,"CC",38
"gb",1.3992797041396,1.07332502792689,1.72523438035231,"CC",38
"x1",2.0112446566531,1.86925308628735,2.15323622701885,"MI",38
"x2",-1.03760968264131,-1.1796603717523,-0.89555899353031,"MI",38
"gb",1.39506099874444,1.06894125835556,1.72118073913332,"MI",38
"x1",2.04109204846077,1.88664500444839,2.19553909247314,"PMM",38
"x2",-0.98556890339623,-1.20721412522913,-0.763923681563334,"PMM",38
"gb",1.45431896340326,1.06695104977497,1.84168687703156,"PMM",38
"x1",1.97801587642215,1.86496484811652,2.09106690472779,"FULL",39
"x2",-0.957922394060977,-1.06833443213511,-0.847510355986842,"FULL",39
"gb",1.33981142754265,1.14150536623393,1.53811748885136,"FULL",39
"x1",1.9349288985769,1.76401271148267,2.10584508567113,"CC",39
"x2",-0.986915358377284,-1.14143402849021,-0.832396688264357,"CC",39
"gb",1.29191570159111,0.997389792179621,1.58644161100259,"CC",39
"x1",1.98850762682424,1.86119886404028,2.11581638960821,"MI",39
"x2",-0.992941171678223,-1.14203402621281,-0.843848317143631,"MI",39
"gb",1.32367093115533,1.00826686893243,1.63907499337822,"MI",39
"x1",2.01871338841722,1.8377331289762,2.19969364785824,"PMM",39
"x2",-0.991213110068719,-1.10184545629361,-0.880580763843825,"PMM",39
"gb",1.35343280872841,1.09386109190032,1.61300452555649,"PMM",39
"x1",2.02776905148257,1.91430555976287,2.14123254320227,"FULL",40
"x2",-0.939669132148746,-1.05557061599423,-0.823767648303262,"FULL",40
"gb",1.56686435711277,1.36712341387186,1.76660530035369,"FULL",40
"x1",1.96391828913708,1.7820390073726,2.14579757090156,"CC",40
"x2",-0.966292094852198,-1.14587025098962,-0.786713938714782,"CC",40
"gb",1.55787060923617,1.23980612713984,1.87593509133251,"CC",40
"x1",2.02184136340259,1.87662253083138,2.1670601959738,"MI",40
"x2",-1.01523946922435,-1.15660526504668,-0.873873673402025,"MI",40
"gb",1.63577302293229,1.31249154121798,1.9590545046466,"MI",40
"x1",2.04656356317266,1.92164319092186,2.17148393542345,"PMM",40
"x2",-1.06267892604789,-1.20239860766043,-0.922959244435352,"PMM",40
"gb",1.63063208172142,1.28214610809203,1.97911805535081,"PMM",40
"x1",2.06357068149055,1.95260393805761,2.17453742492348,"FULL",41
"x2",-1.05032233207485,-1.15568865103929,-0.944956013110422,"FULL",41
"gb",1.62317273439968,1.4186433091735,1.82770215962586,"FULL",41
"x1",1.84701912424531,1.67172138136239,2.02231686712822,"CC",41
"x2",-1.00751736228532,-1.16387430238001,-0.851160422190628,"CC",41
"gb",1.65831028047817,1.33238285907326,1.98423770188308,"CC",41
"x1",2.03502864075971,1.90907506838311,2.16098221313632,"MI",41
"x2",-1.0706475901856,-1.19495974465344,-0.946335435717761,"MI",41
"gb",1.76664742927733,1.48602281703886,2.0472720415158,"MI",41
"x1",2.05662048714935,1.92433380069519,2.1889071736035,"PMM",41
"x2",-1.0748075601188,-1.20369703658998,-0.945918083647627,"PMM",41
"gb",1.78380454337646,1.48848794588008,2.07912114087283,"PMM",41
"x1",2.05750566411817,1.94878861930909,2.16622270892726,"FULL",42
"x2",-0.929062292756186,-1.04342706071277,-0.814697524799597,"FULL",42
"gb",1.50720327901431,1.31211731921622,1.7022892388124,"FULL",42
"x1",1.95309214273331,1.77184086667707,2.13434341878955,"CC",42
"x2",-0.870681802098039,-1.04616277456097,-0.69520082963511,"CC",42
"gb",1.47556816639441,1.15786615504063,1.79327017774819,"CC",42
"x1",2.02255460509615,1.74124512147479,2.3038640887175,"MI",42
"x2",-0.914345043087341,-1.05757198056974,-0.771118105604942,"MI",42
"gb",1.60626229835578,1.23992448729585,1.97260010941571,"MI",42
"x1",2.09988239587308,1.97892978583364,2.22083500591251,"PMM",42
"x2",-0.969612599740582,-1.11014868656371,-0.829076512917449,"PMM",42
"gb",1.60501491763706,1.38140021304157,1.82862962223256,"PMM",42
"x1",1.9686730480246,1.84099980734331,2.09634628870589,"FULL",43
"x2",-0.938029538983872,-1.05867137983167,-0.817387698136079,"FULL",43
"gb",1.58269572133619,1.36552223252909,1.79986921014328,"FULL",43
"x1",1.87066272134687,1.66718967321496,2.07413576947877,"CC",43
"x2",-1.01495228968662,-1.20002929383479,-0.82987528553844,"CC",43
"gb",1.42303053396273,1.09189649504443,1.75416457288104,"CC",43
"x1",1.95931890238683,1.80160082011193,2.11703698466172,"MI",43
"x2",-0.957154210742213,-1.11348188664647,-0.800826534837958,"MI",43
"gb",1.57659589489052,1.30099208748553,1.85219970229552,"MI",43
"x1",1.98089786393368,1.84456859563221,2.11722713223514,"PMM",43
"x2",-0.994623513836442,-1.1403512566132,-0.848895771059689,"PMM",43
"gb",1.55154984311161,1.31480044303587,1.78829924318735,"PMM",43
"x1",2.02284396425187,1.90833149485476,2.13735643364898,"FULL",44
"x2",-0.910734814980984,-1.02368191687448,-0.797787713087488,"FULL",44
"gb",1.61445055953923,1.40570062021182,1.82320049886663,"FULL",44
"x1",2.01267266104863,1.83266411219904,2.19268120989821,"CC",44
"x2",-0.964971367371299,-1.13070244768811,-0.799240287054488,"CC",44
"gb",1.62631500834467,1.30729055960303,1.94533945708631,"CC",44
"x1",2.13165028034374,1.99038870948738,2.27291185120011,"MI",44
"x2",-1.00230249118108,-1.14702622457893,-0.85757875778322,"MI",44
"gb",1.67812399595857,1.35489390699142,2.00135408492572,"MI",44
"x1",2.10139472682039,1.97046801678792,2.23232143685285,"PMM",44
"x2",-0.962559686073336,-1.12854805233877,-0.796571319807901,"PMM",44
"gb",1.53799745669326,1.02855290079195,2.04744201259458,"PMM",44
"x1",1.89358634749861,1.78321308384298,2.00395961115424,"FULL",45
"x2",-0.823697851188405,-0.93992340432612,-0.707472298050689,"FULL",45
"gb",1.42852919395408,1.22444911286941,1.63260927503875,"FULL",45
"x1",1.81311870417499,1.64475591284975,1.98148149550023,"CC",45
"x2",-0.812857798300029,-0.9716971692403,-0.654018427359757,"CC",45
"gb",1.35898231901922,1.05860504156444,1.65935959647399,"CC",45
"x1",1.94392715540192,1.80233297623023,2.0855213345736,"MI",45
"x2",-0.823109190050444,-0.958889079521771,-0.687329300579118,"MI",45
"gb",1.39832564321449,1.13442979420166,1.66222149222731,"MI",45
"x1",1.92701018494021,1.76783950618,2.08618086370042,"PMM",45
"x2",-0.80242709843933,-0.961880205522384,-0.642973991356276,"PMM",45
"gb",1.33621117643518,0.797550949660282,1.87487140321009,"PMM",45
"x1",2.04690941010311,1.93566826887773,2.15815055132849,"FULL",46
"x2",-1.00849935644253,-1.11367549254646,-0.903323220338593,"FULL",46
"gb",1.46946288807402,1.27282357608432,1.66610220006373,"FULL",46
"x1",1.9815434674534,1.8132462743413,2.14984066056549,"CC",46
"x2",-0.998844806555966,-1.16315218911442,-0.834537423997511,"CC",46
"gb",1.29869689018258,1.00007711653018,1.59731666383497,"CC",46
"x1",2.02484820538173,1.87454300300869,2.17515340775476,"MI",46
"x2",-1.03410917232706,-1.16811557743579,-0.900102767218321,"MI",46
"gb",1.42572423463984,1.18704230202309,1.66440616725659,"MI",46
"x1",2.04933433589371,1.9150078688287,2.18366080295873,"PMM",46
"x2",-1.02458981924937,-1.17860063287513,-0.870579005623614,"PMM",46
"gb",1.36226779084808,1.02397445556536,1.70056112613081,"PMM",46
"x1",1.94978509800268,1.84205722069543,2.05751297530993,"FULL",47
"x2",-0.968906396496373,-1.07949694725191,-0.858315845740837,"FULL",47
"gb",1.50422681592068,1.30774562909216,1.70070800274919,"FULL",47
"x1",1.90329815935846,1.73258243388023,2.0740138848367,"CC",47
"x2",-1.05403671242434,-1.20732818940561,-0.900745235443055,"CC",47
"gb",1.50956977902692,1.21926248085833,1.7998770771955,"CC",47
"x1",2.05870365070484,1.87647526905657,2.24093203235311,"MI",47
"x2",-1.02167099288811,-1.16118977350693,-0.882152212269298,"MI",47
"gb",1.52662807306872,1.25018660108377,1.80306954505366,"MI",47
"x1",2.05240716701984,1.90282015214676,2.20199418189292,"PMM",47
"x2",-1.00492106105542,-1.19892592475702,-0.810916197353813,"PMM",47
"gb",1.56383904612851,1.31551848631188,1.81215960594515,"PMM",47
"x1",2.10070074282402,1.99115040684419,2.21025107880385,"FULL",48
"x2",-1.07061893863661,-1.17943383567194,-0.961804041601282,"FULL",48
"gb",1.4344142097761,1.24511880994797,1.62370960960422,"FULL",48
"x1",2.09257303712327,1.93024270144676,2.25490337279978,"CC",48
"x2",-1.04759186555334,-1.20803740195144,-0.88714632915523,"CC",48
"gb",1.46111506684295,1.17941995291336,1.74281018077254,"CC",48
"x1",2.03685825513544,1.9228159381829,2.15090057208798,"MI",48
"x2",-1.03911188724145,-1.17749486041076,-0.900728914072139,"MI",48
"gb",1.53186000591545,1.32772513166641,1.73599488016449,"MI",48
"x1",2.08248225453605,1.9087048286529,2.2562596804192,"PMM",48
"x2",-1.04915773479171,-1.21290368701537,-0.885411782568038,"PMM",48
"gb",1.50290164308341,1.15166220366074,1.85414108250608,"PMM",48
"x1",2.05814393022586,1.93865667586002,2.17763118459171,"FULL",49
"x2",-0.998080364889894,-1.10972402236247,-0.886436707417319,"FULL",49
"gb",1.53738489682157,1.33834688314684,1.73642291049629,"FULL",49
"x1",1.8433986430676,1.66757463015919,2.019222655976,"CC",49
"x2",-0.940097079878333,-1.10981672187299,-0.770377437883675,"CC",49
"gb",1.451628225365,1.13806831696499,1.76518813376502,"CC",49
"x1",1.89374148699715,1.76905152179186,2.01843145220244,"MI",49
"x2",-0.984054782033792,-1.11412622582998,-0.853983338237607,"MI",49
"gb",1.44846686350796,1.15067304137981,1.74626068563611,"MI",49
"x1",1.95667006246754,1.80506328053136,2.10827684440371,"PMM",49
"x2",-0.998169710153512,-1.12270781802494,-0.873631602282089,"PMM",49
"gb",1.56577310186808,1.3109935592234,1.82055264451277,"PMM",49
"x1",1.97044447587085,1.84655178687371,2.09433716486799,"FULL",50
"x2",-1.0544086448432,-1.17334629908442,-0.935470990601985,"FULL",50
"gb",1.63105658809001,1.42069520875081,1.8414179674292,"FULL",50
"x1",1.94692446776191,1.73850161140298,2.15534732412084,"CC",50
"x2",-1.0840227855621,-1.2703484951542,-0.897697075969994,"CC",50
"gb",1.68438858582957,1.35015290845624,2.0186242632029,"CC",50
"x1",2.03733846791574,1.86953770284454,2.20513923298695,"MI",50
"x2",-1.06678303519498,-1.22168456326199,-0.911881507127966,"MI",50
"gb",1.74309587694809,1.3966655921487,2.08952616174748,"MI",50
"x1",2.07446905037023,1.91710482647397,2.23183327426649,"PMM",50
"x2",-1.10606205094235,-1.30328054054966,-0.90884356133504,"PMM",50
"gb",1.75813236991756,1.37591544721986,2.14034929261527,"PMM",50
"x1",2.02601671764668,1.91268859580041,2.13934483949294,"FULL",51
"x2",-1.08094277690567,-1.19364397896201,-0.968241574849337,"FULL",51
"gb",1.63033180741796,1.42892697515505,1.83173663968086,"FULL",51
"x1",1.98603276870872,1.80132210128897,2.17074343612847,"CC",51
"x2",-0.936789921954952,-1.11007566907927,-0.763504174830631,"CC",51
"gb",1.50323977293215,1.19357316793017,1.81290637793413,"CC",51
"x1",2.09325951869434,1.8429708994405,2.34354813794818,"MI",51
"x2",-1.08596103175855,-1.24470199667859,-0.927220066838517,"MI",51
"gb",1.56208656944202,1.29156435966947,1.83260877921456,"MI",51
"x1",2.12905452974154,1.99911380173573,2.25899525774734,"PMM",51
"x2",-1.06326646622535,-1.18620099534607,-0.940331937104632,"PMM",51
"gb",1.54523201352206,1.20685464003242,1.8836093870117,"PMM",51
"x1",2.0530056102665,1.94090979488793,2.16510142564506,"FULL",52
"x2",-0.944614732005316,-1.05957659049762,-0.829652873513013,"FULL",52
"gb",1.5916057498575,1.39085321913312,1.79235828058187,"FULL",52
"x1",1.98314242973446,1.81418500538023,2.15209985408869,"CC",52
"x2",-0.896028786971617,-1.05615008856161,-0.735907485381624,"CC",52
"gb",1.51553044924234,1.21044508417803,1.82061581430666,"CC",52
"x1",2.07512157967049,1.91072108952656,2.23952206981441,"MI",52
"x2",-0.910882978297574,-1.03999824035102,-0.781767716244124,"MI",52
"gb",1.71729660792336,1.45366618642885,1.98092702941787,"MI",52
"x1",2.07128727936116,1.92240632718605,2.22016823153627,"PMM",52
"x2",-0.883943996566904,-1.01389256393597,-0.753995429197841,"PMM",52
"gb",1.6525224790338,1.22575379847019,2.07929115959741,"PMM",52
"x1",2.02265949603142,1.90535590405853,2.13996308800431,"FULL",53
"x2",-1.05816362242358,-1.17015888425794,-0.946168360589231,"FULL",53
"gb",1.38727551380882,1.1881157561093,1.58643527150835,"FULL",53
"x1",1.83985442079955,1.67242397399385,2.00728486760526,"CC",53
"x2",-1.02813547787589,-1.17770814505239,-0.878562810699381,"CC",53
"gb",1.3384469121112,1.04671259798895,1.63018122623345,"CC",53
"x1",2.00366798340644,1.86104624817077,2.14628971864211,"MI",53
"x2",-1.05636079109331,-1.18545842397268,-0.92726315821394,"MI",53
"gb",1.38393361739641,1.1600678653603,1.60779936943252,"MI",53
"x1",1.99481312994597,1.85904619876808,2.13058006112387,"PMM",53
"x2",-1.03462984513113,-1.15387433013831,-0.915385360123952,"PMM",53
"gb",1.36348437754746,1.12796159588851,1.59900715920642,"PMM",53
"x1",1.99269201305399,1.87619583826169,2.10918818784629,"FULL",54
"x2",-0.894894532238603,-1.00629949285245,-0.783489571624752,"FULL",54
"gb",1.59149629694499,1.39258759945061,1.79040499443936,"FULL",54
"x1",1.69868771586133,1.51663667766012,1.88073875406255,"CC",54
"x2",-0.71167491444468,-0.882990337489564,-0.540359491399796,"CC",54
"gb",1.48239275283724,1.17550060453503,1.78928490113945,"CC",54
"x1",1.92163443518768,1.71207049103097,2.13119837934439,"MI",54
"x2",-0.831897283087264,-0.988913959228432,-0.674880606946096,"MI",54
"gb",1.55144501843992,1.25124357922132,1.85164645765853,"MI",54
"x1",1.91733430291607,1.75665878162989,2.07800982420226,"PMM",54
"x2",-0.845632780630767,-1.04502598048165,-0.646239580779883,"PMM",54
"gb",1.62281046541964,1.32873701394751,1.91688391689177,"PMM",54
"x1",2.01721329734206,1.90066903877507,2.13375755590905,"FULL",55
"x2",-1.03899130459321,-1.15463221493005,-0.923350394256362,"FULL",55
"gb",1.51850072829246,1.31367888038266,1.72332257620225,"FULL",55
"x1",1.71704307010605,1.5338319719657,1.9002541682464,"CC",55
"x2",-0.748306094721313,-0.92560542115233,-0.571006768290296,"CC",55
"gb",1.2032064917694,0.872102231152184,1.53431075238661,"CC",55
"x1",1.98255842109415,1.82480792953986,2.14030891264845,"MI",55
"x2",-0.882247571382907,-1.04448740982344,-0.720007732942373,"MI",55
"gb",1.34851531716392,1.00028135259441,1.69674928173343,"MI",55
"x1",1.97183111616148,1.84718800986122,2.09647422246175,"PMM",55
"x2",-0.886301219652976,-1.04182910465471,-0.730773334651241,"PMM",55
"gb",1.37730248732459,1.13851858437633,1.61608639027286,"PMM",55
"x1",2.03885047041039,1.92783462397402,2.14986631684676,"FULL",56
"x2",-1.01972893707582,-1.13392915407762,-0.905528720074019,"FULL",56
"gb",1.42830939874082,1.22993946368181,1.62667933379984,"FULL",56
"x1",1.9604374903839,1.79819065565647,2.12268432511132,"CC",56
"x2",-0.971905179989647,-1.12380842422969,-0.820001935749609,"CC",56
"gb",1.41560050870765,1.12124387221694,1.70995714519835,"CC",56
"x1",2.05934634785002,1.94166257046701,2.17703012523303,"MI",56
"x2",-0.963360974435036,-1.12621114288744,-0.800510805982634,"MI",56
"gb",1.59630586942365,1.25413902769031,1.93847271115699,"MI",56
"x1",2.09512568970002,1.9226620997496,2.26758927965044,"PMM",56
"x2",-0.932824671153619,-1.09483889174833,-0.770810450558906,"PMM",56
"gb",1.50226270221061,1.03108328369631,1.9734421207249,"PMM",56
"x1",2.09821454300736,1.98602456810253,2.21040451791219,"FULL",57
"x2",-1.04361825503961,-1.15864799565437,-0.928588514424845,"FULL",57
"gb",1.55254599602446,1.3461312737066,1.75896071834232,"FULL",57
"x1",2.01947245178097,1.82756190264393,2.21138300091801,"CC",57
"x2",-0.925475781219578,-1.10463283100657,-0.746318731432583,"CC",57
"gb",1.49876537641599,1.16235326380093,1.83517748903105,"CC",57
"x1",2.19312038414465,2.04178571457219,2.3444550537171,"MI",57
"x2",-0.978007983561297,-1.1459451090195,-0.810070858103099,"MI",57
"gb",1.55986619027105,1.33758811329194,1.78214426725017,"MI",57
"x1",2.17183002798251,1.98000096729542,2.36365908866961,"PMM",57
"x2",-1.01019704929177,-1.20082592800855,-0.819568170574993,"PMM",57
"gb",1.61360170101899,1.32299233039064,1.90421107164734,"PMM",57
"x1",1.93924279549372,1.82199694901271,2.05648864197473,"FULL",58
"x2",-0.96330521050469,-1.07633408495518,-0.850276336054201,"FULL",58
"gb",1.53689308549337,1.32816802977549,1.74561814121124,"FULL",58
"x1",1.74483824411394,1.57265048506241,1.91702600316546,"CC",58
"x2",-0.934480342111893,-1.10222121163756,-0.766739472586224,"CC",58
"gb",1.47223114773838,1.16226941956335,1.78219287591341,"CC",58
"x1",1.87169838918171,1.66965167478421,2.07374510357921,"MI",58
"x2",-1.0303334773297,-1.16722159525247,-0.893445359406939,"MI",58
"gb",1.47123012639108,1.14299050320696,1.79946974957519,"MI",58
"x1",1.86880755111743,1.70001787162781,2.03759723060706,"PMM",58
"x2",-0.957855639484349,-1.09330118660882,-0.822410092359876,"PMM",58
"gb",1.50780300675113,1.23678066734005,1.7788253461622,"PMM",58
"x1",1.99492032689783,1.87447873921382,2.11536191458184,"FULL",59
"x2",-0.961539188586775,-1.07719008852565,-0.845888288647894,"FULL",59
"gb",1.60926464202188,1.39783877255673,1.82069051148704,"FULL",59
"x1",1.86906932275374,1.66972574555783,2.06841289994965,"CC",59
"x2",-0.90694664225888,-1.08520354445426,-0.728689740063497,"CC",59
"gb",1.50382364973643,1.15014925408163,1.85749804539124,"CC",59
"x1",1.94644850690094,1.77039965403464,2.12249735976725,"MI",59
"x2",-0.865652637447402,-1.04806857952403,-0.683236695370775,"MI",59
"gb",1.62702702598172,1.34444485244991,1.90960919951354,"MI",59
"x1",1.98086619407044,1.81108744573933,2.15064494240156,"PMM",59
"x2",-0.882805666516293,-1.05639853780998,-0.709212795222609,"PMM",59
"gb",1.67688623903446,1.11675875784449,2.23701372022443,"PMM",59
"x1",1.9837561536052,1.86679276630787,2.10071954090253,"FULL",60
"x2",-1.02756598163492,-1.14518048333496,-0.909951479934867,"FULL",60
"gb",1.49290684840266,1.294861577813,1.69095211899232,"FULL",60
"x1",1.97639375925346,1.7770607069944,2.17572681151252,"CC",60
"x2",-1.02018627491177,-1.20202478614759,-0.838347763675954,"CC",60
"gb",1.37212121600163,1.06488321279858,1.67935921920467,"CC",60
"x1",1.96023321462379,1.8148761983384,2.10559023090919,"MI",60
"x2",-0.94442110140516,-1.1076152801961,-0.781226922614221,"MI",60
"gb",1.3285218646306,1.04531599232747,1.61172773693372,"MI",60
"x1",2.03046463854175,1.85618647515562,2.20474280192788,"PMM",60
"x2",-0.954550009240706,-1.1148848016915,-0.794215216789916,"PMM",60
"gb",1.45927256058906,1.05305478871291,1.86549033246522,"PMM",60
"x1",2.12628247793332,2.01639511364438,2.23616984222226,"FULL",61
"x2",-1.22462305121723,-1.33826864889297,-1.11097745354148,"FULL",61
"gb",1.63164939095442,1.4312212416338,1.83207754027503,"FULL",61
"x1",2.00504378255074,1.84230730364809,2.16778026145339,"CC",61
"x2",-1.12328799397471,-1.29464529446976,-0.951930693479654,"CC",61
"gb",1.45560320830352,1.16651558170173,1.7446908349053,"CC",61
"x1",2.10334455750342,1.98557312272536,2.22111599228148,"MI",61
"x2",-1.23882025712042,-1.38685412711756,-1.09078638712327,"MI",61
"gb",1.45245158181233,1.08352547406313,1.82137768956154,"MI",61
"x1",2.14054258501242,2.02140561193345,2.2596795580914,"PMM",61
"x2",-1.25679189788526,-1.3943373966371,-1.11924639913341,"PMM",61
"gb",1.54208110390494,1.27394790218344,1.81021430562644,"PMM",61
"x1",1.99272681646205,1.87350881027041,2.11194482265369,"FULL",62
"x2",-1.00543909277739,-1.13519284998233,-0.87568533557245,"FULL",62
"gb",1.5433087606817,1.32879405441703,1.75782346694636,"FULL",62
"x1",1.97356872792115,1.80864920459979,2.13848825124252,"CC",62
"x2",-1.04588213989046,-1.23242781501814,-0.859336464762785,"CC",62
"gb",1.37107670359022,1.06046187251437,1.68169153466607,"CC",62
"x1",2.04371226149682,1.91826254387114,2.1691619791225,"MI",62
"x2",-1.04877569044262,-1.18544464485732,-0.912106736027909,"MI",62
"gb",1.49938543889284,1.2420820305074,1.75668884727828,"MI",62
"x1",2.03841668648413,1.90316234972574,2.17367102324251,"PMM",62
"x2",-1.08300230812705,-1.27953612460903,-0.886468491645079,"PMM",62
"gb",1.50781880242726,1.27432344715067,1.74131415770384,"PMM",62
"x1",1.95744100867795,1.84066522529884,2.07421679205707,"FULL",63
"x2",-0.937903215828743,-1.05295409928531,-0.822852332372176,"FULL",63
"gb",1.50096453032745,1.29867957633853,1.70324948431636,"FULL",63
"x1",1.84650702317772,1.66491283815845,2.02810120819699,"CC",63
"x2",-0.914096066724251,-1.07621535072069,-0.751976782727815,"CC",63
"gb",1.34145779858194,1.02727148599825,1.65564411116563,"CC",63
"x1",1.89855326996874,1.760602053902,2.03650448603547,"MI",63
"x2",-0.869123013617975,-0.99307711769477,-0.74516890954118,"MI",63
"gb",1.43645345814322,0.937391190347631,1.93551572593881,"MI",63
"x1",1.97884337780164,1.83096504613629,2.12672170946698,"PMM",63
"x2",-0.930134971870858,-1.098165669979,-0.762104273762717,"PMM",63
"gb",1.5461037921397,1.16496895146992,1.92723863280948,"PMM",63
"x1",1.87822179756549,1.77445426052106,1.98198933460991,"FULL",64
"x2",-0.910687906567463,-1.01216251105266,-0.809213302082268,"FULL",64
"gb",1.54133196717579,1.34749792375735,1.73516601059422,"FULL",64
"x1",1.81859546199557,1.66393168216729,1.97325924182384,"CC",64
"x2",-0.987014663277298,-1.13316582055409,-0.84086350600051,"CC",64
"gb",1.26811973320868,0.97723276081359,1.55900670560378,"CC",64
"x1",1.85477563541237,1.72831369527935,1.98123757554539,"MI",64
"x2",-0.997242158660553,-1.16543959696415,-0.829044720356953,"MI",64
"gb",1.35516461063852,1.0388322005215,1.67149702075554,"MI",64
"x1",1.89865687113478,1.73860103122337,2.05871271104619,"PMM",64
"x2",-1.00554955718455,-1.20061914398106,-0.810479970388044,"PMM",64
"gb",1.46482027076359,1.05740277759855,1.87223776392863,"PMM",64
"x1",1.90709948593463,1.78245311349321,2.03174585837605,"FULL",65
"x2",-1.0573244389689,-1.1785666977165,-0.936082180221298,"FULL",65
"gb",1.43543431169125,1.22510354807983,1.64576507530266,"FULL",65
"x1",1.78130255933487,1.59960906619463,1.96299605247511,"CC",65
"x2",-0.987563332990172,-1.15421036010044,-0.820916305879901,"CC",65
"gb",1.33673295169182,1.03995448815642,1.63351141522723,"CC",65
"x1",1.94223389977407,1.79517114418929,2.08929665535886,"MI",65
"x2",-1.05024090799977,-1.22578777628706,-0.874694039712478,"MI",65
"gb",1.33667254900518,1.04114951147263,1.63219558653774,"MI",65
"x1",1.94794490494206,1.74545614753709,2.15043366234704,"PMM",65
"x2",-1.05643930619468,-1.21517396720872,-0.897704645180642,"PMM",65
"gb",1.31070460453688,1.07785712655724,1.54355208251653,"PMM",65
"x1",2.0506056784011,1.94471909442089,2.15649226238131,"FULL",66
"x2",-1.05877787567585,-1.16792298129116,-0.94963277006053,"FULL",66
"gb",1.47553147681073,1.28171168266069,1.66935127096077,"FULL",66
"x1",2.01060892785394,1.8368046201426,2.18441323556529,"CC",66
"x2",-0.994581052257035,-1.15229311967709,-0.836868984836984,"CC",66
"gb",1.65707826632896,1.3522212514058,1.96193528125212,"CC",66
"x1",2.03611840507446,1.89346851959394,2.17876829055499,"MI",66
"x2",-1.00686227288876,-1.2020918563255,-0.811632689452018,"MI",66
"gb",1.62592103230928,1.29568953286656,1.95615253175201,"MI",66
"x1",2.0758637648121,1.91689529646997,2.23483223315423,"PMM",66
"x2",-0.988558476198376,-1.17681887980896,-0.800298072587797,"PMM",66
"gb",1.5656204233796,1.1363106945447,1.99493015221449,"PMM",66
"x1",2.04386976131681,1.9157964805619,2.17194304207173,"FULL",67
"x2",-1.02919919322184,-1.15404186956932,-0.904356516874362,"FULL",67
"gb",1.47005316164408,1.2523066812709,1.68779964201726,"FULL",67
"x1",1.84613753041577,1.65330418273792,2.03897087809361,"CC",67
"x2",-0.944425695507462,-1.12515087604061,-0.76370051497431,"CC",67
"gb",1.50548722458724,1.17995916347276,1.83101528570172,"CC",67
"x1",1.9906111634229,1.82830612137808,2.15291620546772,"MI",67
"x2",-1.02638599059764,-1.17596450340559,-0.876807477789695,"MI",67
"gb",1.46947300087304,1.20925619319695,1.72968980854914,"MI",67
"x1",2.03315051520629,1.88689368377014,2.17940734664244,"PMM",67
"x2",-0.997468217124964,-1.13280226200132,-0.862134172248604,"PMM",67
"gb",1.54568393015268,1.19607097714549,1.89529688315987,"PMM",67
"x1",1.86225687767194,1.73669977799008,1.9878139773538,"FULL",68
"x2",-0.923594857334578,-1.03310979843587,-0.814079916233281,"FULL",68
"gb",1.33816632085696,1.13786047997519,1.53847216173873,"FULL",68
"x1",1.6002390471713,1.39983656297603,1.80064153136656,"CC",68
"x2",-0.825122566723809,-0.981040150314598,-0.66920498313302,"CC",68
"gb",1.27660068327321,0.961726843729086,1.59147452281734,"CC",68
"x1",1.84317119323977,1.67230078442218,2.01404160205737,"MI",68
"x2",-0.855340835996879,-0.999258050486143,-0.711423621507614,"MI",68
"gb",1.40610045521391,1.07792263500539,1.73427827542243,"MI",68
"x1",1.81434316763421,1.65368873946506,1.97499759580335,"PMM",68
"x2",-0.827083974445662,-0.972813706933553,-0.681354241957771,"PMM",68
"gb",1.20986377489266,0.969342184563842,1.45038536522147,"PMM",68
"x1",2.00977665186028,1.9019674257953,2.11758587792526,"FULL",69
"x2",-0.989615038171653,-1.10463016612114,-0.874599910222168,"FULL",69
"gb",1.32670494719627,1.12660180890324,1.52680808548929,"FULL",69
"x1",1.89943498005438,1.74194705236831,2.05692290774045,"CC",69
"x2",-0.949532630479545,-1.10580710577581,-0.793258155183281,"CC",69
"gb",1.32562819992265,1.04200601948995,1.60925038035535,"CC",69
"x1",1.91875596247152,1.79440640431616,2.04310552062689,"MI",69
"x2",-0.944989197441269,-1.11994903513261,-0.770029359749929,"MI",69
"gb",1.31502035165538,1.09267188170285,1.5373688216079,"MI",69
"x1",1.95281809871601,1.82468884640272,2.0809473510293,"PMM",69
"x2",-0.953265531982876,-1.10083353195808,-0.805697532007675,"PMM",69
"gb",1.40262053353569,0.88528527846573,1.91995578860566,"PMM",69
"x1",2.00068448468466,1.89730034995267,2.10406861941666,"FULL",70
"x2",-0.972177821185767,-1.07686741241702,-0.867488229954509,"FULL",70
"gb",1.49112694713081,1.29996637040047,1.68228752386114,"FULL",70
"x1",1.85780882667706,1.71026520590636,2.00535244744777,"CC",70
"x2",-0.848865344164679,-0.998289520786467,-0.699441167542892,"CC",70
"gb",1.30209499488484,1.01492231953904,1.58926767023064,"CC",70
"x1",1.91421044429016,1.78374480502987,2.04467608355046,"MI",70
"x2",-0.936857672160394,-1.15261669312349,-0.721098651197297,"MI",70
"gb",1.39335860798649,1.12982063600337,1.65689657996961,"MI",70
"x1",1.90436438083242,1.80332389730446,2.00540486436038,"PMM",70
"x2",-0.900963222213516,-1.01736117870101,-0.784565265726024,"PMM",70
"gb",1.42522395009629,1.07691210402186,1.77353579617072,"PMM",70
"x1",2.00416628769519,1.88815740955366,2.12017516583672,"FULL",71
"x2",-1.00848949042391,-1.12813152175582,-0.888847459092003,"FULL",71
"gb",1.3615803549739,1.1584082417427,1.56475246820509,"FULL",71
"x1",1.96212949857937,1.79199249866917,2.13226649848958,"CC",71
"x2",-0.940197063467458,-1.11089028436277,-0.769503842572147,"CC",71
"gb",1.43546523227472,1.13254722226007,1.73838324228936,"CC",71
"x1",2.00692838008238,1.8319089651321,2.18194779503265,"MI",71
"x2",-0.955683073628582,-1.1272169274187,-0.78414921983846,"MI",71
"gb",1.49001611588623,1.176251912096,1.80378031967646,"MI",71
"x1",1.9918542128032,1.87134455926473,2.11236386634166,"PMM",71
"x2",-0.917726947338233,-1.09317010130678,-0.742283793369686,"PMM",71
"gb",1.49158272090263,1.24600147417002,1.73716396763524,"PMM",71
"x1",2.06673465848225,1.95942486433432,2.17404445263018,"FULL",72
"x2",-1.08861428396921,-1.19975795123053,-0.97747061670789,"FULL",72
"gb",1.37186806053011,1.17423036547782,1.56950575558241,"FULL",72
"x1",1.968264327003,1.80060913647963,2.13591951752636,"CC",72
"x2",-0.971442132107656,-1.13960385027013,-0.803280413945178,"CC",72
"gb",1.37907242011618,1.06808361080404,1.69006122942832,"CC",72
"x1",2.03180127447387,1.87564688799562,2.18795566095212,"MI",72
"x2",-1.08059372530876,-1.25584974824683,-0.905337702370682,"MI",72
"gb",1.42144938201482,1.18267672883553,1.66022203519411,"MI",72
"x1",2.05923367188296,1.91630479299014,2.20216255077577,"PMM",72
"x2",-1.04919783707688,-1.25547026525959,-0.842925408894178,"PMM",72
"gb",1.45071831872192,1.17438161657929,1.72705502086455,"PMM",72
"x1",1.94167711932162,1.82452825871661,2.05882597992663,"FULL",73
"x2",-1.01902723042112,-1.13340026863366,-0.904654192208567,"FULL",73
"gb",1.36536692592315,1.15594262303982,1.57479122880648,"FULL",73
"x1",1.72164277473473,1.54167299030462,1.90161255916484,"CC",73
"x2",-0.906960440592939,-1.08260005555591,-0.731320825629967,"CC",73
"gb",1.12994139011675,0.819486781257875,1.44039599897563,"CC",73
"x1",1.98093377216412,1.79943596475263,2.1624315795756,"MI",73
"x2",-1.13356942243,-1.29674188133482,-0.970396963525184,"MI",73
"gb",1.39429031841329,1.04122419168819,1.74735644513838,"MI",73
"x1",1.97832126009874,1.84476524117806,2.11187727901942,"PMM",73
"x2",-1.13970764179089,-1.34559836388525,-0.933816919696522,"PMM",73
"gb",1.47927190901425,1.09834130593125,1.86020251209724,"PMM",73
"x1",1.93010707923359,1.81834197441843,2.04187218404876,"FULL",74
"x2",-0.983010217632132,-1.09115656271796,-0.874863872546303,"FULL",74
"gb",1.55091472051557,1.36359326508616,1.73823617594498,"FULL",74
"x1",1.79905327791501,1.60309056717617,1.99501598865385,"CC",74
"x2",-0.864815993339581,-1.03045025020753,-0.699181736471629,"CC",74
"gb",1.36361450198765,1.08652155554723,1.64070744842807,"CC",74
"x1",1.90476762766145,1.73916815354814,2.07036710177476,"MI",74
"x2",-0.910767155289768,-1.04359216590321,-0.77794214467633,"MI",74
"gb",1.55380364101601,1.33570673074481,1.77190055128721,"MI",74
"x1",1.84925009232648,1.70055360721744,1.99794657743551,"PMM",74
"x2",-0.893651581613095,-1.06468422202109,-0.722618941205099,"PMM",74
"gb",1.56117449451923,1.29870771659128,1.82364127244718,"PMM",74
"x1",1.93896501782288,1.82499645181858,2.05293358382717,"FULL",75
"x2",-0.950399317555238,-1.06400666633391,-0.836791968776564,"FULL",75
"gb",1.63284963291947,1.44281713551219,1.82288213032675,"FULL",75
"x1",1.93446538941659,1.76565901441858,2.10327176441459,"CC",75
"x2",-0.905758366081328,-1.0684172584212,-0.743099473741455,"CC",75
"gb",1.66799354320412,1.38330976596494,1.95267732044331,"CC",75
"x1",1.89697153305755,1.77413728730325,2.01980577881186,"MI",75
"x2",-0.906977375139995,-1.04260329851376,-0.771351451766228,"MI",75
"gb",1.66191457638644,1.40597237354994,1.91785677922293,"MI",75
"x1",1.95052205678246,1.79088539201939,2.11015872154553,"PMM",75
"x2",-0.907338679143164,-1.04565892363709,-0.769018434649236,"PMM",75
"gb",1.7939345389949,1.43524461074789,2.15262446724191,"PMM",75
"x1",1.98721991191648,1.87364811899402,2.10079170483895,"FULL",76
"x2",-0.923886125719153,-1.03079529301048,-0.816976958427827,"FULL",76
"gb",1.62634765609167,1.42218737043269,1.83050794175064,"FULL",76
"x1",1.71324033968266,1.49923499262611,1.92724568673921,"CC",76
"x2",-0.828162162171474,-0.996335737110104,-0.659988587232845,"CC",76
"gb",1.71758134684301,1.39215432849694,2.04300836518907,"CC",76
"x1",2.03713850130256,1.87084737116941,2.2034296314357,"MI",76
"x2",-0.911156370376862,-1.04889865326254,-0.773414087491185,"MI",76
"gb",1.65399043950951,1.42215351645983,1.8858273625592,"MI",76
"x1",2.0182664285953,1.8479621105421,2.1885707466485,"PMM",76
"x2",-0.850548801199716,-1.00564201873725,-0.695455583662184,"PMM",76
"gb",1.6101557375642,1.1647383953764,2.055573079752,"PMM",76
"x1",2.00983378673932,1.89247924663059,2.12718832684806,"FULL",77
"x2",-1.07651031582265,-1.19823210740803,-0.954788524237269,"FULL",77
"gb",1.53213151489482,1.33107242972867,1.73319060006098,"FULL",77
"x1",1.82894844842154,1.6527908955422,2.00510600130088,"CC",77
"x2",-0.901843127034511,-1.07058388460421,-0.73310236946481,"CC",77
"gb",1.54990196096574,1.27334095182927,1.82646297010222,"CC",77
"x1",2.0395751451435,1.89767293826758,2.18147735201942,"MI",77
"x2",-1.09565148492065,-1.26912304926791,-0.92217992057339,"MI",77
"gb",1.68540875148779,1.39359585869415,1.97722164428144,"MI",77
"x1",2.05501072648747,1.93463009568163,2.17539135729332,"PMM",77
"x2",-1.05927392466927,-1.20345678291445,-0.91509106642409,"PMM",77
"gb",1.72387302098213,1.32696404397482,2.12078199798945,"PMM",77
"x1",1.98133304723414,1.87100363078899,2.0916624636793,"FULL",78
"x2",-0.941493751663131,-1.05241202179163,-0.830575481534633,"FULL",78
"gb",1.47907528338013,1.27800488647868,1.68014568028157,"FULL",78
"x1",2.01430586479617,1.84890263942678,2.17970909016555,"CC",78
"x2",-0.903623511814121,-1.07055391003624,-0.736693113592002,"CC",78
"gb",1.41673321546664,1.10038539831585,1.73308103261744,"CC",78
"x1",2.04790412522119,1.9214720496238,2.17433620081858,"MI",78
"x2",-0.934740715484278,-1.09124350360157,-0.778237927366982,"MI",78
"gb",1.5086903253681,1.17988329879837,1.83749735193783,"MI",78
"x1",2.03436129926192,1.87302971763734,2.1956928808865,"PMM",78
"x2",-0.916758186782743,-1.15375486594087,-0.679761507624619,"PMM",78
"gb",1.51341084545615,1.17784796829613,1.84897372261616,"PMM",78
"x1",2.03599977213896,1.92635948747996,2.14564005679797,"FULL",79
"x2",-1.09345590092658,-1.20701134752202,-0.979900454331149,"FULL",79
"gb",1.57302559306017,1.36579171997616,1.78025946614418,"FULL",79
"x1",1.96999923301061,1.79377777086927,2.14622069515196,"CC",79
"x2",-1.07286345394456,-1.23330689341689,-0.912420014472229,"CC",79
"gb",1.11740666771439,0.813612725291809,1.42120061013697,"CC",79
"x1",2.05786822783214,1.93934535301178,2.1763911026525,"MI",79
"x2",-1.0445657607038,-1.16145367314575,-0.927677848261849,"MI",79
"gb",1.23722188442792,0.9294192050054,1.54502456385044,"MI",79
"x1",2.09600989032363,1.96161379619902,2.23040598444824,"PMM",79
"x2",-1.07842429731265,-1.23458153248556,-0.922267062139744,"PMM",79
"gb",1.22326576014405,0.905680984068035,1.54085053622007,"PMM",79
"x1",2.1016251344824,1.99897400447833,2.20427626448647,"FULL",80
"x2",-0.974918142224107,-1.08290434113458,-0.866931943313637,"FULL",80
"gb",1.52666456356215,1.34184790981405,1.71148121731026,"FULL",80
"x1",1.99544355910165,1.83346645496512,2.15742066323817,"CC",80
"x2",-0.991959302855108,-1.15334199617005,-0.830576609540167,"CC",80
"gb",1.38068447904065,1.08148549974337,1.67988345833793,"CC",80
"x1",2.11614624447462,1.97294711390677,2.25934537504247,"MI",80
"x2",-1.03552978239599,-1.18791292471469,-0.883146640077289,"MI",80
"gb",1.46208310902313,1.24232963735416,1.6818365806921,"MI",80
"x1",2.15237758693121,2.00434296723215,2.30041220663026,"PMM",80
"x2",-0.978357964541371,-1.14906919392494,-0.807646735157807,"PMM",80
"gb",1.43410147890845,1.03937697940224,1.82882597841466,"PMM",80
"x1",1.93325834256619,1.82138314795513,2.04513353717725,"FULL",81
"x2",-0.91093713225429,-1.02285013468132,-0.799024129827261,"FULL",81
"gb",1.47136961912936,1.26862402767124,1.67411521058748,"FULL",81
"x1",1.91641163390156,1.75388846077991,2.07893480702322,"CC",81
"x2",-0.943811517851647,-1.09921636142559,-0.7884066742777,"CC",81
"gb",1.30714139832423,1.0026619566969,1.61162083995156,"CC",81
"x1",1.99282412387233,1.81918432330861,2.16646392443604,"MI",81
"x2",-0.961814428768615,-1.09964717461776,-0.823981682919466,"MI",81
"gb",1.36506811706514,1.1460268637174,1.58410937041287,"MI",81
"x1",1.99038716656006,1.83534920821649,2.14542512490363,"PMM",81
"x2",-0.941486654851762,-1.054797272746,-0.828176036957525,"PMM",81
"gb",1.38003822901702,1.12554180452284,1.63453465351121,"PMM",81
"x1",1.9549129143176,1.8344633318402,2.075362496795,"FULL",82
"x2",-0.953767032985271,-1.06540893988065,-0.842125126089891,"FULL",82
"gb",1.49696038133563,1.29081473675808,1.70310602591318,"FULL",82
"x1",1.84990858648758,1.66819936591054,2.03161780706462,"CC",82
"x2",-0.904210460189417,-1.06700623646735,-0.741414683911483,"CC",82
"gb",1.47523615904929,1.16117391386266,1.78929840423592,"CC",82
"x1",1.93750847680058,1.80057197465584,2.07444497894531,"MI",82
"x2",-0.955653499650682,-1.08685217586311,-0.824454823438256,"MI",82
"gb",1.63020941856178,1.35970340029065,1.9007154368329,"MI",82
"x1",1.9594213560914,1.83009249351116,2.08875021867163,"PMM",82
"x2",-0.964401885515957,-1.10137490856001,-0.827428862471901,"PMM",82
"gb",1.5981966782707,1.32614657533069,1.87024678121072,"PMM",82
"x1",1.94173005223908,1.82681226863498,2.05664783584318,"FULL",83
"x2",-0.928224511571239,-1.04270464733929,-0.813744375803192,"FULL",83
"gb",1.49629682729627,1.28669659111208,1.70589706348047,"FULL",83
"x1",1.81883586944898,1.62667256541631,2.01099917348165,"CC",83
"x2",-0.792038044803575,-0.975420430685633,-0.608655658921517,"CC",83
"gb",1.41080082257054,1.06650696403975,1.75509468110134,"CC",83
"x1",1.87587015821905,1.72898425010183,2.02275606633627,"MI",83
"x2",-0.831248755088271,-0.979368591181871,-0.683128918994672,"MI",83
"gb",1.57695437271742,1.32229817832074,1.8316105671141,"MI",83
"x1",1.91039720329529,1.7634058731306,2.05738853345999,"PMM",83
"x2",-0.89115455884503,-1.05970900424114,-0.722600113448914,"PMM",83
"gb",1.45009827047418,1.0954777943263,1.80471874662206,"PMM",83
"x1",2.03233940797679,1.92529533368969,2.13938348226389,"FULL",84
"x2",-1.07505424657144,-1.17858494434367,-0.971523548799213,"FULL",84
"gb",1.63004879361153,1.44710759896767,1.81298998825539,"FULL",84
"x1",1.86506001260335,1.69066093761449,2.0394590875922,"CC",84
"x2",-1.01014936249164,-1.17164129163803,-0.84865743334525,"CC",84
"gb",1.5597861441137,1.26203695269633,1.85753533553106,"CC",84
"x1",1.97149129145264,1.82590019671451,2.11708238619077,"MI",84
"x2",-1.0981325586426,-1.23766311207791,-0.958602005207283,"MI",84
"gb",1.77264484092509,1.52721394021199,2.01807574163818,"MI",84
"x1",1.99815410615273,1.87183850091418,2.12446971139128,"PMM",84
"x2",-1.07077788498134,-1.22692992361534,-0.914625846347342,"PMM",84
"gb",1.7277707564238,1.42065743628079,2.03488407656682,"PMM",84
"x1",1.92307898041549,1.8059011347556,2.04025682607538,"FULL",85
"x2",-0.888487736729737,-1.00833812437981,-0.768637349079668,"FULL",85
"gb",1.59290263046187,1.38458643530299,1.80121882562074,"FULL",85
"x1",1.7212625873726,1.52814411976272,1.91438105498247,"CC",85
"x2",-0.727915984476261,-0.912261107421334,-0.543570861531188,"CC",85
"gb",1.54065128452959,1.22763802662614,1.85366454243303,"CC",85
"x1",1.88606484725722,1.7326084381347,2.03952125637975,"MI",85
"x2",-0.854141808160732,-0.987556879725683,-0.720726736595781,"MI",85
"gb",1.58296939968699,1.34383003819352,1.82210876118046,"MI",85
"x1",1.93567233655729,1.79246855888068,2.07887611423391,"PMM",85
"x2",-0.849323806691233,-1.0286447423319,-0.670002871050567,"PMM",85
"gb",1.59977237606117,1.29889895707932,1.90064579504301,"PMM",85
"x1",2.00884186192322,1.89221320396826,2.12547051987818,"FULL",86
"x2",-1.00991830897937,-1.1203801099874,-0.899456507971344,"FULL",86
"gb",1.47846908883817,1.29103290089263,1.6659052767837,"FULL",86
"x1",2.04236625858376,1.86445505128501,2.22027746588252,"CC",86
"x2",-1.04117961172411,-1.19978628574014,-0.882572937708087,"CC",86
"gb",1.40751872098977,1.14551956180158,1.66951788017795,"CC",86
"x1",2.12355948288308,1.9835524379164,2.26356652784976,"MI",86
"x2",-1.11608591220096,-1.25439598990751,-0.977775834494396,"MI",86
"gb",1.49251898972248,1.27767987477287,1.7073581046721,"MI",86
"x1",2.15213325431358,1.96667173319116,2.337594775436,"PMM",86
"x2",-1.10142879980496,-1.28736500294874,-0.915492596661169,"PMM",86
"gb",1.4484782178042,1.20761812361507,1.68933831199332,"PMM",86
"x1",2.01414878096043,1.90067491041923,2.12762265150163,"FULL",87
"x2",-0.985588357045663,-1.09719975499462,-0.873976959096705,"FULL",87
"gb",1.59625474799169,1.39802950378336,1.79447999220002,"FULL",87
"x1",1.93181450451433,1.75415838384145,2.10947062518722,"CC",87
"x2",-0.899352872218676,-1.05490983370634,-0.743795910731011,"CC",87
"gb",1.58294762262974,1.3029618588757,1.86293338638378,"CC",87
"x1",2.05061877879981,1.92514374874358,2.17609380885604,"MI",87
"x2",-0.960769019175586,-1.10067761294346,-0.820860425407713,"MI",87
"gb",1.55919619567104,1.30548629078459,1.81290610055749,"MI",87
"x1",2.04142038946607,1.8400558719231,2.24278490700904,"PMM",87
"x2",-0.948284058903583,-1.12591911957819,-0.770648998228975,"PMM",87
"gb",1.56899081095026,1.30930032324399,1.82868129865653,"PMM",87
"x1",2.02341511238192,1.9093592546364,2.13747097012744,"FULL",88
"x2",-0.895129957531249,-1.00206668561747,-0.788193229445028,"FULL",88
"gb",1.47079394008759,1.2671094732976,1.67447840687758,"FULL",88
"x1",1.98708950345144,1.81896164411507,2.15521736278781,"CC",88
"x2",-0.885930569548542,-1.03962908326161,-0.732232055835474,"CC",88
"gb",1.26092321372231,0.961192059414803,1.56065436802982,"CC",88
"x1",2.10728279771867,1.96824027390562,2.24632532153171,"MI",88
"x2",-0.889894499785302,-1.04139211232967,-0.738396887240929,"MI",88
"gb",1.33508813819691,1.05769364895517,1.61248262743865,"MI",88
"x1",2.10775164057183,1.92066077079344,2.29484251035022,"PMM",88
"x2",-0.884998120063117,-1.1223543043629,-0.647641935763338,"PMM",88
"gb",1.29572618028538,0.953229905112818,1.63822245545795,"PMM",88
"x1",1.9674187257137,1.85466336062438,2.08017409080303,"FULL",89
"x2",-1.07495689653085,-1.19211963511543,-0.957794157946282,"FULL",89
"gb",1.5189768018324,1.31784768216875,1.72010592149604,"FULL",89
"x1",1.80671232522399,1.6289423929013,1.98448225754668,"CC",89
"x2",-0.94377983504187,-1.1231176297947,-0.764442040289044,"CC",89
"gb",1.24314777153779,0.936469133020037,1.54982641005554,"CC",89
"x1",1.85283728983158,1.50882040687038,2.19685417279278,"MI",89
"x2",-0.951150653150607,-1.29324296298998,-0.609058343311229,"MI",89
"gb",1.42459472748448,1.09055709538056,1.75863235958841,"MI",89
"x1",1.92694291860729,1.79268965935369,2.06119617786089,"PMM",89
"x2",-0.990435982667963,-1.15134246679725,-0.829529498538677,"PMM",89
"gb",1.40353510537837,0.960896856540337,1.84617335421641,"PMM",89
"x1",2.07924351797794,1.97226633564999,2.18622070030589,"FULL",90
"x2",-0.989828092957917,-1.10295360811681,-0.876702577799019,"FULL",90
"gb",1.51763840047478,1.32184464084064,1.71343216010892,"FULL",90
"x1",2.04431901047678,1.88256063382336,2.2060773871302,"CC",90
"x2",-0.942057886488822,-1.1002021004853,-0.783913672492346,"CC",90
"gb",1.5553415885753,1.26156688433335,1.84911629281724,"CC",90
"x1",2.16565639863459,1.99939614278935,2.33191665447982,"MI",90
"x2",-1.03283517363708,-1.1796571087273,-0.886013238546864,"MI",90
"gb",1.65984124257566,1.37280775535432,1.946874729797,"MI",90
"x1",2.17957730406154,2.06011298694913,2.29904162117395,"PMM",90
"x2",-1.04082895809483,-1.26328265817157,-0.818375258018094,"PMM",90
"gb",1.72173371498243,1.45770779261134,1.98575963735352,"PMM",90
"x1",2.12669534334661,2.01730141202844,2.23608927466478,"FULL",91
"x2",-1.08315840686563,-1.20312521536246,-0.963191598368792,"FULL",91
"gb",1.57473888625536,1.37002450558099,1.77945326692973,"FULL",91
"x1",2.08376952993808,1.91377089047816,2.25376816939801,"CC",91
"x2",-1.09051164814675,-1.26034359379568,-0.920679702497825,"CC",91
"gb",1.68017804769918,1.37215324656005,1.9882028488383,"CC",91
"x1",2.24925755756549,2.10036425499041,2.39815086014058,"MI",91
"x2",-1.1276989472283,-1.33764562925511,-0.917752265201501,"MI",91
"gb",1.59540896819106,1.35741368234773,1.83340425403439,"MI",91
"x1",2.27718104408714,2.14194916628397,2.41241292189032,"PMM",91
"x2",-1.11667092779594,-1.27236323390917,-0.960978621682717,"PMM",91
"gb",1.70252402006657,1.3697458672644,2.03530217286873,"PMM",91
"x1",1.97402631598178,1.86449222685498,2.08356040510857,"FULL",92
"x2",-0.924491216747258,-1.03418838191482,-0.814794051579698,"FULL",92
"gb",1.44585986415784,1.25423095808921,1.63748877022646,"FULL",92
"x1",1.85581805517085,1.70748533266368,2.00415077767802,"CC",92
"x2",-0.876724712597653,-1.02332106882029,-0.730128356375015,"CC",92
"gb",1.36311109314508,1.08460260483155,1.6416195814586,"CC",92
"x1",1.96608189519393,1.83410172947471,2.09806206091316,"MI",92
"x2",-0.831815774046234,-1.02942689484515,-0.634204653247323,"MI",92
"gb",1.50671329924562,1.24933885885559,1.76408773963564,"MI",92
"x1",1.94413590062578,1.8190974746883,2.06917432656326,"PMM",92
"x2",-0.83403675814629,-0.956685410132398,-0.711388106160183,"PMM",92
"gb",1.44913763970792,1.21969906455823,1.67857621485762,"PMM",92
"x1",1.97427308962234,1.85724829140645,2.09129788783823,"FULL",93
"x2",-1.03258577708225,-1.15601278982034,-0.909158764344165,"FULL",93
"gb",1.51114135909388,1.31273510266489,1.70954761552288,"FULL",93
"x1",1.92669807015,1.74402557041846,2.10937056988154,"CC",93
"x2",-0.917492761445411,-1.09902860786735,-0.735956915023476,"CC",93
"gb",1.52208868979263,1.21929503286424,1.82488234672102,"CC",93
"x1",1.94177902331686,1.8008404244331,2.08271762220063,"MI",93
"x2",-0.993965134390287,-1.1213195295924,-0.866610739188171,"MI",93
"gb",1.46423281783244,1.19628869470175,1.73217694096314,"MI",93
"x1",1.96018939063714,1.79724069883188,2.1231380824424,"PMM",93
"x2",-0.977704208968827,-1.1166610544741,-0.838747363463559,"PMM",93
"gb",1.4879052700366,1.24936457392981,1.72644596614339,"PMM",93
"x1",1.94962026022638,1.83266370759965,2.06657681285312,"FULL",94
"x2",-0.905021557940561,-1.01911346224157,-0.790929653639556,"FULL",94
"gb",1.33260471027679,1.13648095080774,1.52872846974583,"FULL",94
"x1",1.85739648095013,1.67159663979169,2.04319632210857,"CC",94
"x2",-0.863992685216221,-1.04742013124091,-0.680565239191535,"CC",94
"gb",1.24312397976497,0.926769032985413,1.55947892654452,"CC",94
"x1",1.88116133741583,1.75365215233509,2.00867052249657,"MI",94
"x2",-0.896383005006371,-1.01509778199532,-0.777668228017424,"MI",94
"gb",1.31944989995374,1.03470227627306,1.60419752363442,"MI",94
"x1",1.90439352653711,1.76582555198098,2.04296150109324,"PMM",94
"x2",-0.873040478375968,-1.0337729841145,-0.712307972637439,"PMM",94
"gb",1.41485097366498,1.16664844604089,1.66305350128906,"PMM",94
"x1",1.95488444140336,1.8451857693216,2.06458311348511,"FULL",95
"x2",-0.935061270920539,-1.03774999373735,-0.832372548103727,"FULL",95
"gb",1.606367728576,1.41015056464651,1.80258489250548,"FULL",95
"x1",1.83685324243237,1.66233626141535,2.01137022344939,"CC",95
"x2",-0.935698967621291,-1.09350688118792,-0.777891054054659,"CC",95
"gb",1.51125828178904,1.19469714100606,1.82781942257203,"CC",95
"x1",1.8836488673511,1.74485403444248,2.02244370025971,"MI",95
"x2",-0.89290689550196,-1.02300169492492,-0.762812096079003,"MI",95
"gb",1.61553290734245,1.33341463032572,1.89765118435919,"MI",95
"x1",1.97417020495095,1.83501120766827,2.11332920223363,"PMM",95
"x2",-0.939904325558089,-1.05786520610538,-0.821943445010798,"PMM",95
"gb",1.64815819714823,1.43585508153339,1.86046131276308,"PMM",95
"x1",2.02607824461583,1.91212440217459,2.14003208705707,"FULL",96
"x2",-1.00623852508621,-1.11486716380318,-0.897609886369246,"FULL",96
"gb",1.65540969269171,1.46175498103107,1.84906440435235,"FULL",96
"x1",1.93386847818196,1.76106498190801,2.1066719744559,"CC",96
"x2",-0.892017585549254,-1.04609898974292,-0.737936181355586,"CC",96
"gb",1.61711233878754,1.32404755937724,1.91017711819784,"CC",96
"x1",2.07295294388009,1.94098185497115,2.20492403278902,"MI",96
"x2",-0.908068198047692,-1.03163523055639,-0.784501165538995,"MI",96
"gb",1.54625944028174,1.28402429877153,1.80849458179195,"MI",96
"x1",2.02212019399304,1.86008408596264,2.18415630202345,"PMM",96
"x2",-0.866734497392149,-1.00999422381482,-0.723474770969474,"PMM",96
"gb",1.57361177509955,1.18703831542411,1.96018523477499,"PMM",96
"x1",1.96288132178333,1.85078843357695,2.07497420998972,"FULL",97
"x2",-1.00409201601226,-1.11780261781261,-0.890381414211906,"FULL",97
"gb",1.53461580466144,1.34124138993979,1.72799021938309,"FULL",97
"x1",1.81613084781334,1.63544046734005,1.99682122828663,"CC",97
"x2",-0.89295521025588,-1.06065229654034,-0.725258123971419,"CC",97
"gb",1.39281309947249,1.10645298070225,1.67917321824273,"CC",97
"x1",1.98899723582232,1.81589218330076,2.16210228834389,"MI",97
"x2",-1.04223138902553,-1.21232475742326,-0.872138020627795,"MI",97
"gb",1.55492468976748,1.31290760964858,1.79694176988639,"MI",97
"x1",2.02281160502099,1.89622627138426,2.14939693865771,"PMM",97
"x2",-1.03643344217534,-1.19498932466225,-0.87787755968843,"PMM",97
"gb",1.55764370733508,1.1845831527653,1.93070426190485,"PMM",97
"x1",1.91590350647613,1.80256091237202,2.02924610058024,"FULL",98
"x2",-0.978765390949333,-1.09345781474134,-0.864072967157327,"FULL",98
"gb",1.55327421100608,1.35812348604583,1.74842493596633,"FULL",98
"x1",1.86738464308448,1.66592584831061,2.06884343785835,"CC",98
"x2",-0.996502936649703,-1.20284761611245,-0.790158257186952,"CC",98
"gb",1.50318022463808,1.16894556551666,1.83741488375949,"CC",98
"x1",1.90708899888467,1.76100445109211,2.05317354667723,"MI",98
"x2",-0.99282521024845,-1.17443614116503,-0.811214279331874,"MI",98
"gb",1.55634450387996,1.22470886346187,1.88798014429804,"MI",98
"x1",1.96343803905629,1.79558406998075,2.13129200813183,"PMM",98
"x2",-1.04865500543944,-1.24388803172487,-0.853421979154006,"PMM",98
"gb",1.5592814971982,1.30747110834747,1.81109188604892,"PMM",98
"x1",2.10247303489717,1.9928760858057,2.21206998398863,"FULL",99
"x2",-1.01598894229284,-1.12711308610303,-0.904864798482655,"FULL",99
"gb",1.31732912511754,1.12652025225772,1.50813799797737,"FULL",99
"x1",2.02429227328548,1.84629050003078,2.20229404654018,"CC",99
"x2",-1.00591697382174,-1.17105343522563,-0.840780512417853,"CC",99
"gb",1.26867638324777,0.990194138066098,1.54715862842944,"CC",99
"x1",2.1098833119111,1.99007006771324,2.22969655610896,"MI",99
"x2",-1.03462072604738,-1.16845881238196,-0.900782639712804,"MI",99
"gb",1.28209873614746,1.05666759965534,1.50752987263958,"MI",99
"x1",2.09373243189525,1.97021816364738,2.21724670014311,"PMM",99
"x2",-1.01798614915134,-1.1622975626366,-0.873674735666072,"PMM",99
"gb",1.35633652465582,0.909035592838217,1.80363745647342,"PMM",99
"x1",1.95693940855173,1.84981108650024,2.06406773060322,"FULL",100
"x2",-0.974086868449179,-1.08169767167674,-0.866476065221618,"FULL",100
"gb",1.3973953698489,1.20103678822625,1.59375395147155,"FULL",100
"x1",1.8067274724163,1.64430205348414,1.96915289134847,"CC",100
"x2",-0.902639822003444,-1.06938226876781,-0.735897375239074,"CC",100
"gb",1.32566404191449,1.02360773747589,1.62772034635308,"CC",100
"x1",1.89009210540944,1.74407743315527,2.0361067776636,"MI",100
"x2",-0.923431603238119,-1.05049380213101,-0.796369404345225,"MI",100
"gb",1.46852010839573,1.204614091441,1.73242612535047,"MI",100
"x1",1.93522139612985,1.79996597887443,2.07047681338527,"PMM",100
"x2",-0.911186713332416,-1.10145351287433,-0.7209199137905,"PMM",100
"gb",1.51978290238357,1.15875590010554,1.88080990466161,"PMM",100
"x1",1.92565073132243,1.81233548847851,2.03896597416636,"FULL",101
"x2",-0.986378190245816,-1.10494453899916,-0.867811841492466,"FULL",101
"gb",1.64963292319588,1.44565779123142,1.85360805516033,"FULL",101
"x1",1.88021431750091,1.71553546391498,2.04489317108684,"CC",101
"x2",-0.955334529030961,-1.11666418520836,-0.794004872853561,"CC",101
"gb",1.33283610929559,1.0144333357951,1.65123888279608,"CC",101
"x1",1.88958076578958,1.73974625176111,2.03941527981805,"MI",101
"x2",-0.952015644819275,-1.07617011551909,-0.827861174119464,"MI",101
"gb",1.64067794188369,1.36035573091216,1.92100015285522,"MI",101
"x1",1.89979850308489,1.67119584073131,2.12840116543847,"PMM",101
"x2",-0.926370503357951,-1.06496713015705,-0.787773876558848,"PMM",101
"gb",1.55269552752712,1.29097139334907,1.81441966170517,"PMM",101
"x1",1.96883315565721,1.84642500218702,2.0912413091274,"FULL",102
"x2",-0.938099285970514,-1.06660067039344,-0.809597901547593,"FULL",102
"gb",1.64953058030188,1.42595356056441,1.87310760003936,"FULL",102
"x1",1.78000847957944,1.58642347636813,1.97359348279074,"CC",102
"x2",-0.8409739574899,-1.01748506835221,-0.66446284662759,"CC",102
"gb",1.43249676031418,1.08388249631979,1.78111102430857,"CC",102
"x1",1.97834103899096,1.82773211066982,2.12894996731209,"MI",102
"x2",-0.925350572147169,-1.0824904824496,-0.768210661844741,"MI",102
"gb",1.50713483683892,1.17072298749898,1.84354668617885,"MI",102
"x1",1.97926425731238,1.81497195379743,2.14355656082734,"PMM",102
"x2",-0.897495757805511,-1.06012545160801,-0.73486606400301,"PMM",102
"gb",1.61544669797586,1.34502287559669,1.88587052035503,"PMM",102
"x1",2.01215826172345,1.90108762233954,2.12322890110735,"FULL",103
"x2",-0.988898103807989,-1.09998035349502,-0.87781585412096,"FULL",103
"gb",1.37666314030496,1.17877920525003,1.57454707535988,"FULL",103
"x1",1.78298362416575,1.62176807716994,1.94419917116156,"CC",103
"x2",-0.860761643049507,-1.01705115773194,-0.704472128367075,"CC",103
"gb",1.39550249489349,1.09924728261385,1.69175770717313,"CC",103
"x1",1.87811599125451,1.74020940526227,2.01602257724674,"MI",103
"x2",-0.892841176616776,-1.01047920535811,-0.775203147875439,"MI",103
"gb",1.47256343242543,1.23573696145149,1.70938990339937,"MI",103
"x1",1.89732793892643,1.75802662046143,2.03662925739144,"PMM",103
"x2",-0.94528857983754,-1.09490190314267,-0.795675256532404,"PMM",103
"gb",1.4405807429028,1.19590281369103,1.68525867211458,"PMM",103
"x1",2.04114785845059,1.92645880311075,2.15583691379042,"FULL",104
"x2",-1.11731039025599,-1.23252471488818,-1.0020960656238,"FULL",104
"gb",1.31637967733613,1.1030458889147,1.52971346575756,"FULL",104
"x1",1.94227171339272,1.77064904068373,2.11389438610172,"CC",104
"x2",-0.981529243729305,-1.14375889461855,-0.819299592840059,"CC",104
"gb",1.17376216471393,0.875930074726126,1.47159425470174,"CC",104
"x1",1.98265877483893,1.8567965819165,2.10852096776137,"MI",104
"x2",-1.02482957265367,-1.20459211786021,-0.845067027447123,"MI",104
"gb",1.27979620955855,0.968806508328282,1.59078591078882,"MI",104
"x1",1.99962822898413,1.87449222039965,2.1247642375686,"PMM",104
"x2",-1.00192411708234,-1.16799484007679,-0.835853394087896,"PMM",104
"gb",1.23465313713859,0.920781450124852,1.54852482415233,"PMM",104
"x1",1.95845963125853,1.83695750034741,2.07996176216965,"FULL",105
"x2",-0.953491606341331,-1.07009046045167,-0.836892752230987,"FULL",105
"gb",1.66771522583681,1.4555092448932,1.87992120678042,"FULL",105
"x1",1.86726535203184,1.67191510552728,2.0626155985364,"CC",105
"x2",-0.967625638527612,-1.15002263675965,-0.785228640295577,"CC",105
"gb",1.6024885925054,1.24599791179684,1.95897927321396,"CC",105
"x1",1.94209811457632,1.79184234878169,2.09235388037096,"MI",105
"x2",-0.981603190039227,-1.13736018277335,-0.825846197305099,"MI",105
"gb",1.87251592295631,1.58515956812536,2.15987227778727,"MI",105
"x1",1.97540196967499,1.73573103390073,2.21507290544925,"PMM",105
"x2",-0.969553942869445,-1.30581442181614,-0.633293463922752,"PMM",105
"gb",1.81281526336081,1.45126113584146,2.17436939088016,"PMM",105
"x1",2.11866535810443,2.00127418314231,2.23605653306654,"FULL",106
"x2",-1.18741232916949,-1.30096557388063,-1.07385908445836,"FULL",106
"gb",1.5649533729083,1.36798512708779,1.76192161872881,"FULL",106
"x1",2.021971551847,1.86811012133526,2.17583298235873,"CC",106
"x2",-1.12640787545354,-1.28013769936121,-0.972678051545867,"CC",106
"gb",1.76686291605166,1.50589389092197,2.02783194118135,"CC",106
"x1",2.0909337294013,1.97624092170799,2.20562653709461,"MI",106
"x2",-1.15347117086711,-1.28333693838389,-1.02360540335033,"MI",106
"gb",1.75328160305715,1.55663849785464,1.94992470825967,"MI",106
"x1",2.12504940866039,1.92397357799032,2.32612523933046,"PMM",106
"x2",-1.1835969397318,-1.44361533074379,-0.923578548719818,"PMM",106
"gb",1.78485731800822,1.53324518263234,2.03646945338411,"PMM",106
"x1",2.02217680076517,1.91013675995024,2.1342168415801,"FULL",107
"x2",-1.02462111171872,-1.1344436967444,-0.914798526693046,"FULL",107
"gb",1.27666980631774,1.07690607285925,1.47643353977624,"FULL",107
"x1",1.96023367566249,1.80431897345195,2.11614837787302,"CC",107
"x2",-1.09072800886829,-1.24348978978336,-0.937966227953226,"CC",107
"gb",1.39510614356069,1.10597936845038,1.68423291867101,"CC",107
"x1",1.95175840038275,1.52290740812487,2.38060939264062,"MI",107
"x2",-0.990273808096518,-1.21410660890596,-0.766441007287071,"MI",107
"gb",1.46261412106448,1.15240822287366,1.7728200192553,"MI",107
"x1",2.02200798778322,1.89508048543596,2.14893549013048,"PMM",107
"x2",-0.991665858214492,-1.13382018521099,-0.849511531217992,"PMM",107
"gb",1.4870362910018,1.20537961160074,1.76869297040287,"PMM",107
"x1",2.03501297527038,1.93594763378948,2.13407831675128,"FULL",108
"x2",-1.00629851140087,-1.11042788600619,-0.902169136795545,"FULL",108
"gb",1.50850573188051,1.32814235003807,1.68886911372294,"FULL",108
"x1",1.96788766711164,1.82148697192736,2.11428836229592,"CC",108
"x2",-0.952430753628115,-1.09797903565895,-0.806882471597284,"CC",108
"gb",1.36092170130519,1.09175840148015,1.63008500113022,"CC",108
"x1",2.00612880905877,1.85843519979994,2.15382241831759,"MI",108
"x2",-0.958060535992514,-1.11498317423003,-0.801137897754994,"MI",108
"gb",1.4387153479168,1.24978822388689,1.62764247194671,"MI",108
"x1",2.02341721661378,1.90585862877244,2.14097580445511,"PMM",108
"x2",-0.945616371088376,-1.06094499772832,-0.830287744448427,"PMM",108
"gb",1.50725624066113,1.18810080063483,1.82641168068742,"PMM",108
"x1",2.03823155094066,1.91644960613008,2.16001349575124,"FULL",109
"x2",-1.05486787104357,-1.17214036483066,-0.937595377256484,"FULL",109
"gb",1.38000852242836,1.17527992324254,1.58473712161419,"FULL",109
"x1",1.91153785935539,1.71720091836921,2.10587480034156,"CC",109
"x2",-0.969327316536161,-1.13743587488447,-0.80121875818785,"CC",109
"gb",1.19998628527613,0.888639021354429,1.51133354919783,"CC",109
"x1",2.0575774476522,1.82776070385399,2.2873941914504,"MI",109
"x2",-1.0471289119654,-1.21685172622244,-0.877406097708352,"MI",109
"gb",1.41087345146294,1.09528875618967,1.72645814673621,"MI",109
"x1",2.14105003029322,1.99222487026248,2.28987519032395,"PMM",109
"x2",-1.03297056885974,-1.16243154689519,-0.903509590824292,"PMM",109
"gb",1.35847223634524,0.979694181864814,1.73725029082566,"PMM",109
"x1",1.99502696589828,1.86589857108057,2.124155360716,"FULL",110
"x2",-1.0183704255466,-1.14193092503226,-0.894809926060946,"FULL",110
"gb",1.48263238523711,1.26310452376624,1.70216024670798,"FULL",110
"x1",1.8392288603213,1.64321000752204,2.03524771312056,"CC",110
"x2",-0.97344822825559,-1.16235006526522,-0.784546391245961,"CC",110
"gb",1.28362942765346,0.957471760283361,1.60978709502357,"CC",110
"x1",2.03975354224036,1.90176415727056,2.17774292721016,"MI",110
"x2",-1.09684055561043,-1.23982417003766,-0.953856941183193,"MI",110
"gb",1.52339006108006,1.25742464699742,1.78935547516269,"MI",110
"x1",2.03236651430815,1.86087778695537,2.20385524166093,"PMM",110
"x2",-1.06333663007598,-1.27814335447609,-0.848529905675878,"PMM",110
"gb",1.48729824318819,1.20109609125523,1.77350039512114,"PMM",110
"x1",1.96994735081341,1.84753422262789,2.09236047899894,"FULL",111
"x2",-0.989376601391573,-1.11518858147995,-0.863564621303197,"FULL",111
"gb",1.50626978260832,1.30156448633184,1.7109750788848,"FULL",111
"x1",1.87959215520439,1.70503399521012,2.05415031519865,"CC",111
"x2",-0.901685951355505,-1.06909276151712,-0.734279141193888,"CC",111
"gb",1.54084230363178,1.25247558253312,1.82920902473044,"CC",111
"x1",2.00949308189554,1.86283227481779,2.15615388897329,"MI",111
"x2",-0.958642785348935,-1.08968008830469,-0.827605482393178,"MI",111
"gb",1.51613986216759,1.27858324926374,1.75369647507144,"MI",111
"x1",1.9702693934239,1.83818210260547,2.10235668424232,"PMM",111
"x2",-0.965526487145173,-1.13310613353138,-0.797946840758969,"PMM",111
"gb",1.51267231398663,1.29791293467619,1.72743169329707,"PMM",111
"x1",2.03814544043612,1.92198727405398,2.15430360681826,"FULL",112
"x2",-0.996293346510816,-1.11496343964352,-0.877623253378115,"FULL",112
"gb",1.26120080974385,1.0583151973747,1.464086422113,"FULL",112
"x1",1.91673757096617,1.74516769373288,2.08830744819946,"CC",112
"x2",-0.968935056086363,-1.13714447309258,-0.800725639080148,"CC",112
"gb",1.27483741054496,0.963820209098343,1.58585461199157,"CC",112
"x1",1.98686130398894,1.86390073423879,2.1098218737391,"MI",112
"x2",-0.961048436508421,-1.09237492497056,-0.829721948046282,"MI",112
"gb",1.35508033084319,1.1052589643271,1.60490169735928,"MI",112
"x1",1.97063691409622,1.83320350750536,2.10807032068708,"PMM",112
"x2",-0.930699863901418,-1.1223361370774,-0.739063590725441,"PMM",112
"gb",1.37794275706979,1.03748251066865,1.71840300347094,"PMM",112
"x1",1.97689569632795,1.86414551201133,2.08964588064457,"FULL",113
"x2",-0.971634626202175,-1.0894797162469,-0.853789536157447,"FULL",113
"gb",1.39609904801478,1.19895117043565,1.59324692559392,"FULL",113
"x1",1.85155987265369,1.68729350244617,2.0158262428612,"CC",113
"x2",-0.932915117940674,-1.09612188839239,-0.769708347488962,"CC",113
"gb",1.27673703193473,0.976700987799305,1.57677307607015,"CC",113
"x1",1.94574118617416,1.79754240057588,2.09393997177244,"MI",113
"x2",-0.956902923638803,-1.10325672079894,-0.810549126478665,"MI",113
"gb",1.34966330363261,1.12296241912572,1.57636418813951,"MI",113
"x1",1.95754818769383,1.843115496866,2.07198087852167,"PMM",113
"x2",-0.953012904169099,-1.07852633976079,-0.827499468577407,"PMM",113
"gb",1.36009869127734,1.05164781512548,1.6685495674292,"PMM",113
"x1",2.04390805100744,1.93091063501522,2.15690546699965,"FULL",114
"x2",-0.959836025088033,-1.06736447967973,-0.852307570496338,"FULL",114
"gb",1.7134058096449,1.51573565317381,1.91107596611599,"FULL",114
"x1",1.91583708677211,1.73129942622394,2.10037474732029,"CC",114
"x2",-0.902496618383639,-1.08120499238884,-0.723788244378437,"CC",114
"gb",1.61847663084495,1.30100542756369,1.9359478341262,"CC",114
"x1",2.02357912012174,1.87777721315309,2.16938102709038,"MI",114
"x2",-1.01257451577322,-1.15360852484882,-0.87154050669761,"MI",114
"gb",1.68966004030385,1.29978788581636,2.07953219479134,"MI",114
"x1",2.03981607420554,1.90322452489564,2.17640762351544,"PMM",114
"x2",-0.998429819256875,-1.14516012337894,-0.851699515134811,"PMM",114
"gb",1.62828253269759,1.37270712102987,1.88385794436532,"PMM",114
"x1",2.07892804289519,1.97378000112638,2.18407608466399,"FULL",115
"x2",-0.955625499521355,-1.06399174157786,-0.847259257464853,"FULL",115
"gb",1.52953956491439,1.33471711273827,1.72436201709051,"FULL",115
"x1",1.93190723225138,1.78490602677867,2.07890843772409,"CC",115
"x2",-0.911638380458283,-1.06909980218113,-0.754176958735436,"CC",115
"gb",1.3912516303888,1.09124197171266,1.69126128906493,"CC",115
"x1",1.99474713805575,1.86480019048465,2.12469408562684,"MI",115
"x2",-0.913612156153387,-1.04394919463529,-0.783275117671487,"MI",115
"gb",1.62395869693382,1.24261052669966,2.00530686716798,"MI",115
"x1",1.98085793032549,1.86088864782904,2.10082721282195,"PMM",115
"x2",-0.925134654069885,-1.08992321144795,-0.760346096691826,"PMM",115
"gb",1.55776530848712,1.23287518309282,1.88265543388141,"PMM",115
"x1",2.10178443528638,1.99452569701177,2.209043173561,"FULL",116
"x2",-1.07720101050146,-1.1801068973717,-0.974295123631224,"FULL",116
"gb",1.56980000022256,1.37698254912125,1.76261745132387,"FULL",116
"x1",2.028207318652,1.86370812109498,2.19270651620901,"CC",116
"x2",-1.0446315466109,-1.20186142540615,-0.887401667815648,"CC",116
"gb",1.51198275454787,1.211308755776,1.81265675331975,"CC",116
"x1",2.07984943746015,1.96822007567672,2.19147879924359,"MI",116
"x2",-1.0861045847804,-1.20285243207972,-0.969356737481073,"MI",116
"gb",1.58474621162052,1.32112564718932,1.84836677605172,"MI",116
"x1",2.10743729588485,1.99842378932892,2.21645080244079,"PMM",116
"x2",-1.09530425262812,-1.27475605562832,-0.915852449627931,"PMM",116
"gb",1.42366361529169,1.0907634221449,1.75656380843848,"PMM",116
"x1",2.05104233909885,1.93704369600932,2.16504098218837,"FULL",117
"x2",-1.07213060655214,-1.18967963771687,-0.954581575387407,"FULL",117
"gb",1.59030506342521,1.37856088179491,1.80204924505552,"FULL",117
"x1",2.04982004768703,1.88508324798328,2.21455684739079,"CC",117
"x2",-1.06093033183687,-1.2228853012855,-0.89897536238824,"CC",117
"gb",1.46318221238189,1.16108346038641,1.76528096437738,"CC",117
"x1",2.07199487916683,1.94739802994348,2.19659172839019,"MI",117
"x2",-1.13096575025637,-1.24982735616405,-1.01210414434868,"MI",117
"gb",1.447600431483,1.24478153827632,1.65041932468968,"MI",117
"x1",2.12919240769934,1.93354619330693,2.32483862209174,"PMM",117
"x2",-1.13814703880862,-1.26833214265751,-1.00796193495974,"PMM",117
"gb",1.59132410385244,1.29790074871218,1.8847474589927,"PMM",117
"x1",1.91485980430356,1.79860954180126,2.03111006680586,"FULL",118
"x2",-0.973314590398153,-1.09048180500812,-0.85614737578819,"FULL",118
"gb",1.47474816278708,1.27092489243721,1.67857143313695,"FULL",118
"x1",1.77994630294432,1.58994035467814,1.9699522512105,"CC",118
"x2",-0.973526620141337,-1.13607510690675,-0.810978133375922,"CC",118
"gb",1.2474735126584,0.931220878731951,1.56372614658485,"CC",118
"x1",1.95798215067102,1.76768659785888,2.14827770348316,"MI",118
"x2",-0.927367491304302,-1.09257093895239,-0.762164043656215,"MI",118
"gb",1.44497462119078,1.15377959739872,1.73616964498283,"MI",118
"x1",1.94232152655202,1.7048110270551,2.17983202604894,"PMM",118
"x2",-0.897182844080885,-1.07060661043441,-0.723759077727358,"PMM",118
"gb",1.43382252960005,1.12504678096565,1.74259827823445,"PMM",118
"x1",1.96726776081479,1.85164589603711,2.08288962559248,"FULL",119
"x2",-1.04102904839052,-1.15708933492747,-0.924968761853557,"FULL",119
"gb",1.56890648236747,1.36421858451306,1.77359438022188,"FULL",119
"x1",1.94795371617327,1.76257668282877,2.13333074951777,"CC",119
"x2",-1.04494465712792,-1.21348583987723,-0.876403474378615,"CC",119
"gb",1.32367864127557,1.013087050235,1.63427023231614,"CC",119
"x1",1.92510351916153,1.69349757447453,2.15670946384853,"MI",119
"x2",-1.12023137798522,-1.29677851988418,-0.94368423608626,"MI",119
"gb",1.59767849166615,1.35405162788708,1.84130535544522,"MI",119
"x1",1.9662017824296,1.85405494070943,2.07834862414977,"PMM",119
"x2",-1.10513201795974,-1.28010462098232,-0.930159414937173,"PMM",119
"gb",1.54231718868868,1.25657717247103,1.82805720490633,"PMM",119
"x1",2.0077465808227,1.89294108035743,2.12255208128796,"FULL",120
"x2",-0.972917911298953,-1.08330479100925,-0.86253103158866,"FULL",120
"gb",1.54128207409134,1.33523838283788,1.7473257653448,"FULL",120
"x1",1.88038542475444,1.70506023391026,2.05571061559862,"CC",120
"x2",-0.849420722390055,-1.00870034236666,-0.690141102413448,"CC",120
"gb",1.49662421078628,1.18998176940066,1.8032666521719,"CC",120
"x1",1.91132901477898,1.75903426678405,2.06362376277392,"MI",120
"x2",-0.914463355880128,-1.06006453368204,-0.768862178078221,"MI",120
"gb",1.49060586349964,1.25518172446774,1.72603000253154,"MI",120
"x1",1.93580217644792,1.79147265964945,2.08013169324639,"PMM",120
"x2",-0.927306839853538,-1.0484077441357,-0.806205935571371,"PMM",120
"gb",1.62623678301691,1.28823921161248,1.96423435442133,"PMM",120
"x1",1.89265123886172,1.77378724619138,2.01151523153205,"FULL",121
"x2",-1.03312249071585,-1.15130630246864,-0.914938678963065,"FULL",121
"gb",1.65139833943992,1.44989707439292,1.85289960448692,"FULL",121
"x1",1.79944849986283,1.6301577406905,1.96873925903516,"CC",121
"x2",-1.02576046224152,-1.2022507171602,-0.849270207322852,"CC",121
"gb",1.54048502469086,1.25646166720232,1.8245083821794,"CC",121
"x1",1.85350532694932,1.70148582894833,2.0055248249503,"MI",121
"x2",-0.98098809066095,-1.14425672315235,-0.817719458169554,"MI",121
"gb",1.62185687761046,1.34313925383116,1.90057450138977,"MI",121
"x1",1.89059990982488,1.75806188281626,2.0231379368335,"PMM",121
"x2",-0.972782465665894,-1.16345192393995,-0.782113007391842,"PMM",121
"gb",1.61898929085199,1.34952508475761,1.88845349694636,"PMM",121
"x1",2.01341452374288,1.90016620363294,2.12666284385282,"FULL",122
"x2",-1.01157800489485,-1.12334007591594,-0.899815933873758,"FULL",122
"gb",1.53777689081889,1.33164290241105,1.74391087922672,"FULL",122
"x1",1.98589388180685,1.81661539855752,2.15517236505617,"CC",122
"x2",-0.963529823732412,-1.12678034713845,-0.800279300326375,"CC",122
"gb",1.13741243278079,0.832770677925952,1.44205418763563,"CC",122
"x1",2.02531053773866,1.87918881707544,2.17143225840188,"MI",122
"x2",-0.942242457578619,-1.1258418781775,-0.758643036979737,"MI",122
"gb",1.28239297056242,1.04532100154508,1.51946493957976,"MI",122
"x1",2.05481114072062,1.91467676338159,2.19494551805966,"PMM",122
"x2",-0.988935002158602,-1.11562388898923,-0.862246115327978,"PMM",122
"gb",1.29533066438456,1.00780840157439,1.58285292719473,"PMM",122
"x1",1.99313259739988,1.8766662721397,2.10959892266007,"FULL",123
"x2",-0.998983742915924,-1.11619289759816,-0.881774588233684,"FULL",123
"gb",1.5142717549355,1.29775514325038,1.73078836662063,"FULL",123
"x1",1.78568167153732,1.60745130436642,1.96391203870823,"CC",123
"x2",-0.948180816444523,-1.11723942904574,-0.779122203843303,"CC",123
"gb",1.46209880815918,1.12974254381487,1.79445507250349,"CC",123
"x1",1.96478670294227,1.81299353272444,2.1165798731601,"MI",123
"x2",-0.94383822945759,-1.09108127201865,-0.796595186896528,"MI",123
"gb",1.45346417059776,1.05349492653781,1.85343341465771,"MI",123
"x1",1.99270878731882,1.8246238265168,2.16079374812085,"PMM",123
"x2",-0.964955166542378,-1.11980736785112,-0.810102965233641,"PMM",123
"gb",1.49127924477248,1.03759624442293,1.94496224512203,"PMM",123
"x1",2.0034447724199,1.88999913773342,2.11689040710639,"FULL",124
"x2",-1.03593859951889,-1.15377034567604,-0.918106853361729,"FULL",124
"gb",1.51461651197938,1.3105027229273,1.71873030103147,"FULL",124
"x1",1.85493310961293,1.68538270515093,2.02448351407494,"CC",124
"x2",-1.00548685162622,-1.1715203218816,-0.839453381370842,"CC",124
"gb",1.62008016653296,1.33490833145226,1.90525200161365,"CC",124
"x1",1.95610531839826,1.83170122000205,2.08050941679447,"MI",124
"x2",-1.04674844356732,-1.19306548686564,-0.900431400268988,"MI",124
"gb",1.57072654965384,1.27001486639148,1.87143823291619,"MI",124
"x1",2.0013220467571,1.85239385923115,2.15025023428306,"PMM",124
"x2",-0.995682642431048,-1.17265647186545,-0.818708812996647,"PMM",124
"gb",1.52892126686074,1.13442850196957,1.92341403175191,"PMM",124
"x1",1.85599644006073,1.73794311496475,1.97404976515672,"FULL",125
"x2",-0.948750626800617,-1.07009108777026,-0.827410165830973,"FULL",125
"gb",1.48817237375291,1.28080717520564,1.69553757230018,"FULL",125
"x1",1.8119879695976,1.61681915125068,2.00715678794452,"CC",125
"x2",-0.944476690871672,-1.14209026192019,-0.746863119823155,"CC",125
"gb",1.35262926312894,0.999950042698825,1.70530848355905,"CC",125
"x1",1.8459490535175,1.68089284702197,2.01100526001303,"MI",125
"x2",-0.999666623016169,-1.15568881570036,-0.843644430331977,"MI",125
"gb",1.5668813023457,1.116279482715,2.01748312197639,"MI",125
"x1",1.84830802945793,1.56755754649736,2.12905851241849,"PMM",125
"x2",-0.928622611811172,-1.16471511245591,-0.692530111166435,"PMM",125
"gb",1.58955591479402,1.31552369163149,1.86358813795655,"PMM",125
"x1",1.92399349600847,1.80687482469508,2.04111216732186,"FULL",126
"x2",-0.923209308969663,-1.03643688930861,-0.809981728630716,"FULL",126
"gb",1.64391440944852,1.43390531687414,1.85392350202289,"FULL",126
"x1",1.85561186003631,1.66955113941205,2.04167258066057,"CC",126
"x2",-0.962473408955751,-1.12863075093944,-0.796316066972062,"CC",126
"gb",1.56571257930915,1.2443251360636,1.88710002255469,"CC",126
"x1",1.91908559398062,1.74829616070286,2.08987502725838,"MI",126
"x2",-0.994329486451089,-1.12701393690871,-0.861645035993468,"MI",126
"gb",1.64266699678943,1.24419182020593,2.04114217337292,"MI",126
"x1",2.01232761212157,1.87940461255512,2.14525061168802,"PMM",126
"x2",-1.03169600820661,-1.20128812952737,-0.862103886885845,"PMM",126
"gb",1.59592582585582,1.34484736468368,1.84700428702796,"PMM",126
"x1",1.92999822471849,1.81256490390814,2.04743154552885,"FULL",127
"x2",-1.03524640068495,-1.15123470899529,-0.919258092374606,"FULL",127
"gb",1.55470207026402,1.34948973967027,1.75991440085777,"FULL",127
"x1",1.84164993196067,1.66108519136792,2.02221467255343,"CC",127
"x2",-1.05606818350086,-1.22734648205601,-0.884789884945704,"CC",127
"gb",1.56415934281692,1.25589931026937,1.87241937536446,"CC",127
"x1",1.95603133824578,1.810100070161,2.10196260633057,"MI",127
"x2",-1.08653379514728,-1.24441958562533,-0.92864800466923,"MI",127
"gb",1.61579022501503,1.36450010409731,1.86708034593275,"MI",127
"x1",1.96956424024107,1.83802076586698,2.10110771461515,"PMM",127
"x2",-1.08342554443887,-1.23115517073172,-0.935695918146021,"PMM",127
"gb",1.58505646175413,1.3343606366282,1.83575228688006,"PMM",127
"x1",1.96256028546973,1.85202808919268,2.07309248174679,"FULL",128
"x2",-1.00092373269834,-1.10703863383246,-0.894808831564219,"FULL",128
"gb",1.32684439158009,1.13442645148014,1.51926233168004,"FULL",128
"x1",1.94123418918257,1.76944806645503,2.11302031191011,"CC",128
"x2",-1.03816543532157,-1.2076457070775,-0.868685163565642,"CC",128
"gb",1.59942534684992,1.29482112160515,1.90402957209469,"CC",128
"x1",1.99760989656489,1.85311698298247,2.14210281014731,"MI",128
"x2",-1.07673489823018,-1.2056688430106,-0.94780095344976,"MI",128
"gb",1.54879677711193,1.34263874402135,1.75495481020251,"MI",128
"x1",1.98642032061176,1.83005875372066,2.14278188750287,"PMM",128
"x2",-1.06095581126837,-1.2210270143791,-0.900884608157642,"PMM",128
"gb",1.46509993996518,1.18744150945209,1.74275837047827,"PMM",128
"x1",1.93521969147443,1.82019883705704,2.05024054589181,"FULL",129
"x2",-1.0699647891865,-1.18696276875114,-0.952966809621859,"FULL",129
"gb",1.69025472459308,1.48929490015407,1.89121454903209,"FULL",129
"x1",1.74577839848888,1.58362877129288,1.90792802568488,"CC",129
"x2",-1.06010657802208,-1.20780866715568,-0.912404488888483,"CC",129
"gb",1.64457494160465,1.37829924879805,1.91085063441125,"CC",129
"x1",1.91877066240817,1.75655864415724,2.0809826806591,"MI",129
"x2",-1.10085351685681,-1.2653927484455,-0.936314285268127,"MI",129
"gb",1.5797843563879,1.36058690976879,1.79898180300701,"MI",129
"x1",1.93249560183328,1.79689857674732,2.06809262691924,"PMM",129
"x2",-1.07194343031313,-1.27952731081641,-0.864359549809855,"PMM",129
"gb",1.54130859270329,1.31450305805859,1.768114127348,"PMM",129
"x1",2.06385689794366,1.95123596524191,2.1764778306454,"FULL",130
"x2",-1.11441634590156,-1.22303162971811,-1.00580106208501,"FULL",130
"gb",1.65655313639613,1.45757585981311,1.85553041297914,"FULL",130
"x1",1.98728310447105,1.8167215170578,2.15784469188429,"CC",130
"x2",-1.14307086146101,-1.29447095408347,-0.991670768838544,"CC",130
"gb",1.36549586646336,1.07007410584206,1.66091762708466,"CC",130
"x1",2.04818703007843,1.91269040839968,2.18368365175718,"MI",130
"x2",-1.17383096823738,-1.29548284140532,-1.05217909506943,"MI",130
"gb",1.50221146410882,1.18802695038645,1.81639597783118,"MI",130
"x1",2.07314634230308,1.92681562711902,2.21947705748714,"PMM",130
"x2",-1.1275859012448,-1.27562793743455,-0.979543865055052,"PMM",130
"gb",1.61637076481719,1.24696836949206,1.98577316014231,"PMM",130
"x1",1.89752910899533,1.78645712225941,2.00860109573124,"FULL",131
"x2",-0.980481066303878,-1.09679899206318,-0.864163140544581,"FULL",131
"gb",1.55900948894643,1.35721758531007,1.76080139258279,"FULL",131
"x1",1.89059937792915,1.70841582384729,2.07278293201102,"CC",131
"x2",-1.02676331413427,-1.20310269247045,-0.850423935798086,"CC",131
"gb",1.70117266796464,1.38034348278321,2.02200185314607,"CC",131
"x1",1.95575136187787,1.82107060107966,2.09043212267608,"MI",131
"x2",-1.09264929549439,-1.26475016051721,-0.920548430471574,"MI",131
"gb",1.70126851536579,1.45846727453451,1.94406975619707,"MI",131
"x1",1.9964762066259,1.82177530302104,2.17117711023075,"PMM",131
"x2",-1.10327415416887,-1.24608222694824,-0.960466081389509,"PMM",131
"gb",1.66598812966881,1.40662527564298,1.92535098369465,"PMM",131
"x1",1.88533816437332,1.77239656612573,1.99827976262091,"FULL",132
"x2",-0.955433940087723,-1.06948721374469,-0.841380666430752,"FULL",132
"gb",1.66505501240833,1.45985719658465,1.87025282823201,"FULL",132
"x1",1.72984365576493,1.56165119487164,1.89803611665822,"CC",132
"x2",-0.922596564813884,-1.08119866067705,-0.763994468950715,"CC",132
"gb",1.45642116232778,1.15149692530107,1.76134539935449,"CC",132
"x1",1.88263991098516,1.76188934706951,2.00339047490081,"MI",132
"x2",-0.979794762831664,-1.15329549433906,-0.80629403132427,"MI",132
"gb",1.66620141673541,1.40866730220132,1.9237355312695,"MI",132
"x1",1.91490349400512,1.75597900534862,2.07382798266162,"PMM",132
"x2",-1.02523384201192,-1.19157621387631,-0.858891470147525,"PMM",132
"gb",1.67371225135223,1.30872156324192,2.03870293946255,"PMM",132
"x1",1.99261465384888,1.86786230284824,2.11736700484953,"FULL",133
"x2",-0.967347563383193,-1.10013152731133,-0.834563599455052,"FULL",133
"gb",1.39855683808273,1.17883333455663,1.61828034160884,"FULL",133
"x1",1.92723038027333,1.74532792374486,2.1091328368018,"CC",133
"x2",-0.919604582209268,-1.12755038785782,-0.711658776560717,"CC",133
"gb",1.44734399343145,1.11803320311302,1.77665478374989,"CC",133
"x1",1.96743379749277,1.80217415485628,2.13269344012926,"MI",133
"x2",-1.00657808909031,-1.16202436362192,-0.851131814558706,"MI",133
"gb",1.62190237951441,1.36631850883343,1.87748625019539,"MI",133
"x1",1.97954121720687,1.84229883226238,2.11678360215136,"PMM",133
"x2",-0.976180504679485,-1.16014929991823,-0.792211709440745,"PMM",133
"gb",1.53934044542857,1.28116941082692,1.79751148003022,"PMM",133
"x1",2.03354047231036,1.92124812014017,2.14583282448055,"FULL",134
"x2",-0.931587777914927,-1.04641728493384,-0.81675827089601,"FULL",134
"gb",1.60438895558891,1.39995423050739,1.80882368067043,"FULL",134
"x1",1.92586347177306,1.76192913299207,2.08979781055405,"CC",134
"x2",-1.02813144181147,-1.18720880372787,-0.869054079895079,"CC",134
"gb",1.69729552074369,1.40888319093675,1.98570785055063,"CC",134
"x1",1.96861236093943,1.81411922652795,2.1231054953509,"MI",134
"x2",-0.930444535828386,-1.07498761201286,-0.785901459643916,"MI",134
"gb",1.64063307515361,1.36645255961208,1.91481359069514,"MI",134
"x1",2.01088893031241,1.84208275275998,2.17969510786484,"PMM",134
"x2",-0.952769100968577,-1.15908220985549,-0.746455992081669,"PMM",134
"gb",1.66423021257235,1.30398930359756,2.02447112154713,"PMM",134
"x1",1.93676787972055,1.82911878276602,2.04441697667509,"FULL",135
"x2",-1.0672699607663,-1.18130145877651,-0.953238462756099,"FULL",135
"gb",1.2708963184795,1.07179243913687,1.47000019782213,"FULL",135
"x1",1.8712863381182,1.68654129816981,2.05603137806659,"CC",135
"x2",-0.931976792073102,-1.11765877577099,-0.746294808375217,"CC",135
"gb",1.12441158239316,0.790863218786383,1.45795994599994,"CC",135
"x1",1.86776975424836,1.70471743930507,2.03082206919164,"MI",135
"x2",-0.992636333411645,-1.13848347920543,-0.846789187617861,"MI",135
"gb",1.18375752057346,0.819177162137312,1.54833787900961,"MI",135
"x1",1.88593932537476,1.72799091687136,2.04388773387815,"PMM",135
"x2",-1.03921959505935,-1.21581540991833,-0.862623780200363,"PMM",135
"gb",1.18324491630741,0.954436513851683,1.41205331876314,"PMM",135
"x1",2.01936656014492,1.90617811625809,2.13255500403174,"FULL",136
"x2",-0.981264039331554,-1.09714873014079,-0.865379348522313,"FULL",136
"gb",1.45947513208548,1.25234967612552,1.66660058804544,"FULL",136
"x1",1.77794408631622,1.63348229784009,1.92240587479236,"CC",136
"x2",-0.922921368042832,-1.07072268816554,-0.775120047920122,"CC",136
"gb",1.35394885690676,1.08236241021029,1.62553530360323,"CC",136
"x1",1.96092133670693,1.80436365890775,2.11747901450611,"MI",136
"x2",-1.02375350296839,-1.16625976847742,-0.88124723745936,"MI",136
"gb",1.43014698790685,1.1860875620736,1.67420641374009,"MI",136
"x1",1.9847169722039,1.87358419112781,2.09584975327999,"PMM",136
"x2",-1.01136768915306,-1.16268267930017,-0.860052699005953,"PMM",136
"gb",1.41987848842587,1.17464016772982,1.66511680912191,"PMM",136
"x1",2.01852318102395,1.9043897495267,2.13265661252119,"FULL",137
"x2",-0.927300653188028,-1.04194261577364,-0.812658690602411,"FULL",137
"gb",1.63455521776711,1.42442848085146,1.84468195468276,"FULL",137
"x1",1.85376269872409,1.67939365457261,2.02813174287557,"CC",137
"x2",-0.90828828198949,-1.07203914020834,-0.744537423770637,"CC",137
"gb",1.48262246791784,1.17146481949544,1.79378011634024,"CC",137
"x1",1.92019509026213,1.78413615731115,2.05625402321311,"MI",137
"x2",-0.906154008327134,-1.08722070907231,-0.725087307581956,"MI",137
"gb",1.68071202388939,1.29397008960126,2.06745395817751,"MI",137
"x1",1.95015163399735,1.77373552835111,2.12656773964359,"PMM",137
"x2",-0.936877650221114,-1.1127780468908,-0.760977253551426,"PMM",137
"gb",1.63637115310056,1.40060037935618,1.87214192684494,"PMM",137
"x1",1.98057074225613,1.87476197467955,2.0863795098327,"FULL",138
"x2",-0.965666404675057,-1.08203590362488,-0.849296905725231,"FULL",138
"gb",1.40640521148996,1.21310695441649,1.59970346856342,"FULL",138
"x1",1.89171243294545,1.72272333050467,2.06070153538623,"CC",138
"x2",-0.9637345020363,-1.14179902821553,-0.785669975857065,"CC",138
"gb",1.12330572746038,0.814112756436585,1.43249869848417,"CC",138
"x1",1.86716102900295,1.72593901093108,2.00838304707482,"MI",138
"x2",-0.967755153059808,-1.16737353278072,-0.768136773338897,"MI",138
"gb",1.28755130902588,1.05530088587072,1.51980173218103,"MI",138
"x1",1.91784255943015,1.77938918735118,2.05629593150911,"PMM",138
"x2",-0.964889334350777,-1.15258458361042,-0.77719408509113,"PMM",138
"gb",1.30213367636142,0.902870513661817,1.70139683906102,"PMM",138
"x1",2.03892945585878,1.92154791960976,2.15631099210779,"FULL",139
"x2",-0.945470149743782,-1.06330975160516,-0.827630547882408,"FULL",139
"gb",1.56067278711341,1.35612901650002,1.7652165577268,"FULL",139
"x1",1.83442288129255,1.62871966293417,2.04012609965093,"CC",139
"x2",-0.865556940367693,-1.03708681326393,-0.69402706747146,"CC",139
"gb",1.4311073334657,1.11590634687144,1.74630832005995,"CC",139
"x1",2.05520161850155,1.90644880485081,2.2039544321523,"MI",139
"x2",-0.935418218851112,-1.16347172243374,-0.707364715268486,"MI",139
"gb",1.60713274830302,1.34591731978752,1.86834817681851,"MI",139
"x1",2.12782042343137,1.94014675146779,2.31549409539494,"PMM",139
"x2",-0.947490532241956,-1.09840024947875,-0.796580815005165,"PMM",139
"gb",1.56889444393894,1.24674156753839,1.89104732033949,"PMM",139
"x1",1.94050526632595,1.82947714099944,2.05153339165246,"FULL",140
"x2",-1.00894003308247,-1.12416664692605,-0.893713419238884,"FULL",140
"gb",1.55164356419148,1.34684964094476,1.7564374874382,"FULL",140
"x1",1.85753885555475,1.68154035586271,2.03353735524678,"CC",140
"x2",-0.897254575056941,-1.07036241011254,-0.724146740001339,"CC",140
"gb",1.35566376368055,1.02328713042411,1.68804039693699,"CC",140
"x1",1.98731700989361,1.83618841049772,2.1384456092895,"MI",140
"x2",-0.990236012402927,-1.12322005420133,-0.857251970604526,"MI",140
"gb",1.64071314149435,1.37255566253267,1.90887062045603,"MI",140
"x1",1.93201026728576,1.79464676356576,2.06937377100577,"PMM",140
"x2",-0.921787481469794,-1.05808664928216,-0.785488313657427,"PMM",140
"gb",1.71633840699554,1.36680541949684,2.06587139449424,"PMM",140
"x1",1.97344842434452,1.85553017818368,2.09136667050536,"FULL",141
"x2",-0.960857766992628,-1.06730554884629,-0.854409985138962,"FULL",141
"gb",1.40055157308673,1.20030850859598,1.60079463757748,"FULL",141
"x1",1.8678361515992,1.68405925039841,2.05161305279999,"CC",141
"x2",-0.849324066487686,-1.00627233085152,-0.692375802123857,"CC",141
"gb",1.41314939246929,1.11335124937332,1.71294753556527,"CC",141
"x1",2.0401023857638,1.89558465745928,2.18462011406831,"MI",141
"x2",-0.966681150046879,-1.10006695204669,-0.833295348047071,"MI",141
"gb",1.50679515317789,1.26336407725265,1.75022622910313,"MI",141
"x1",2.01902644561645,1.81418131479849,2.22387157643441,"PMM",141
"x2",-0.9477059364512,-1.10964662316862,-0.785765249733776,"PMM",141
"gb",1.40786424809738,0.995212593249997,1.82051590294476,"PMM",141
"x1",1.94287268200924,1.83442165243848,2.05132371157999,"FULL",142
"x2",-1.050011871335,-1.15717569269628,-0.942848049973727,"FULL",142
"gb",1.32224254709998,1.12820908472625,1.5162760094737,"FULL",142
"x1",1.92550499193556,1.74797693893509,2.10303304493604,"CC",142
"x2",-1.02519007269577,-1.18356432102468,-0.86681582436685,"CC",142
"gb",1.34203653081546,1.03289791154685,1.65117515008408,"CC",142
"x1",1.95554894615982,1.82195170597661,2.08914618634304,"MI",142
"x2",-1.0485901038348,-1.15822497131845,-0.938955236351155,"MI",142
"gb",1.35304949615618,1.11088277425644,1.59521621805592,"MI",142
"x1",2.00678561663268,1.85586943629866,2.1577017969667,"PMM",142
"x2",-1.07140491092427,-1.20746218072522,-0.935347641123324,"PMM",142
"gb",1.4245439002163,1.20348963035854,1.64559817007406,"PMM",142
"x1",2.00921191803518,1.89481554680688,2.12360828926348,"FULL",143
"x2",-0.960487720075481,-1.07696673781002,-0.844008702340943,"FULL",143
"gb",1.49113457604636,1.29978868625532,1.6824804658374,"FULL",143
"x1",1.87058717282701,1.70140168839641,2.03977265725761,"CC",143
"x2",-0.914315861699788,-1.08717279070225,-0.741458932697325,"CC",143
"gb",1.29057453014289,1.00591200516133,1.57523705512445,"CC",143
"x1",1.99177827488844,1.79888911011631,2.18466743966057,"MI",143
"x2",-0.967415422505364,-1.1680706903858,-0.766760154624927,"MI",143
"gb",1.55694526864704,1.30388092814703,1.81000960914704,"MI",143
"x1",2.01897864276449,1.79520330688905,2.24275397863994,"PMM",143
"x2",-0.939189570369582,-1.13927334757828,-0.739105793160879,"PMM",143
"gb",1.43499733037799,1.04937260793046,1.82062205282551,"PMM",143
"x1",1.95875897786113,1.85052079092414,2.06699716479812,"FULL",144
"x2",-0.953859142858484,-1.06602147023292,-0.84169681548405,"FULL",144
"gb",1.48034023646673,1.28560421166439,1.67507626126907,"FULL",144
"x1",1.88194842462197,1.71109424721215,2.05280260203179,"CC",144
"x2",-0.930136872855063,-1.0995164767069,-0.760757269003231,"CC",144
"gb",1.36906178027493,1.08261143765002,1.65551212289983,"CC",144
"x1",1.97881097956736,1.84062300159604,2.11699895753868,"MI",144
"x2",-1.02686145046603,-1.18137327087477,-0.872349630057295,"MI",144
"gb",1.46378328180259,1.23339982282905,1.69416674077612,"MI",144
"x1",2.00533652451577,1.88572122700908,2.12495182202246,"PMM",144
"x2",-1.00516406851312,-1.13439628152767,-0.875931855498575,"PMM",144
"gb",1.326682582818,1.06816753171803,1.58519763391797,"PMM",144
"x1",2.10510166765003,1.99138951394404,2.21881382135603,"FULL",145
"x2",-0.972893945535797,-1.08728301783415,-0.858504873237443,"FULL",145
"gb",1.50245833960528,1.30034844814499,1.70456823106556,"FULL",145
"x1",1.93785447576679,1.76619870195066,2.10951024958292,"CC",145
"x2",-0.978731534640612,-1.15244724128341,-0.805015827997817,"CC",145
"gb",1.5245329543108,1.21522976490869,1.83383614371292,"CC",145
"x1",1.96486495069634,1.79185326342927,2.13787663796342,"MI",145
"x2",-0.961861464796515,-1.10729527031139,-0.81642765928164,"MI",145
"gb",1.5831496976826,1.34841988283529,1.8178795125299,"MI",145
"x1",2.07543203240796,1.94255049872857,2.20831356608734,"PMM",145
"x2",-1.00556317983893,-1.18391725153727,-0.827209108140594,"PMM",145
"gb",1.58625388544693,1.0836969731414,2.08881079775245,"PMM",145
"x1",2.04892544447376,1.92444176064206,2.17340912830546,"FULL",146
"x2",-0.925738035107913,-1.03578866606869,-0.815687404147137,"FULL",146
"gb",1.36534513859845,1.16482959358034,1.56586068361656,"FULL",146
"x1",1.75829439796614,1.53840335869628,1.978185437236,"CC",146
"x2",-0.80344347119331,-0.972139461588595,-0.634747480798025,"CC",146
"gb",1.20191993372177,0.883905240421103,1.51993462702243,"CC",146
"x1",2.00591168049085,1.79861121790413,2.21321214307757,"MI",146
"x2",-0.888562449725041,-1.03350310273662,-0.74362179671346,"MI",146
"gb",1.35902060532391,1.05918577929114,1.65885543135669,"MI",146
"x1",2.02366250516914,1.86949463430462,2.17783037603366,"PMM",146
"x2",-0.871298867273243,-1.01777887656329,-0.724818857983196,"PMM",146
"gb",1.23807356962173,0.862922905487837,1.61322423375563,"PMM",146
"x1",2.01481728943214,1.89972169913206,2.12991287973223,"FULL",147
"x2",-0.964136166838242,-1.07346027876388,-0.854812054912609,"FULL",147
"gb",1.50153435516062,1.30962420616713,1.69344450415411,"FULL",147
"x1",1.98937882560132,1.82115682577804,2.1576008254246,"CC",147
"x2",-0.902120669153709,-1.06405462849693,-0.740186709810489,"CC",147
"gb",1.35941725722021,1.07149365297017,1.64734086147026,"CC",147
"x1",2.05442916593881,1.91494709782382,2.19391123405379,"MI",147
"x2",-0.923606459911281,-1.07313532765522,-0.774077592167344,"MI",147
"gb",1.34690504009014,1.1259965273846,1.56781355279567,"MI",147
"x1",2.0729977911381,1.89179635420076,2.25419922807545,"PMM",147
"x2",-0.935220149729781,-1.08966298130423,-0.780777318155333,"PMM",147
"gb",1.31096062073176,0.902493317651771,1.71942792381174,"PMM",147
"x1",1.99719336927435,1.88805085880214,2.10633587974656,"FULL",148
"x2",-1.01808655566664,-1.12391559434082,-0.91225751699245,"FULL",148
"gb",1.68230760191542,1.49369282354984,1.87092238028099,"FULL",148
"x1",1.79696631480652,1.62377577696921,1.97015685264382,"CC",148
"x2",-0.941592040420992,-1.09496735068774,-0.788216730154247,"CC",148
"gb",1.47731171024868,1.18335959231974,1.77126382817762,"CC",148
"x1",1.96869957593292,1.81761258212284,2.11978656974301,"MI",148
"x2",-1.02775571685619,-1.21547094125693,-0.840040492455445,"MI",148
"gb",1.58198416505159,1.30326338855633,1.86070494154685,"MI",148
"x1",1.98272266686082,1.8330183582132,2.13242697550844,"PMM",148
"x2",-1.02503696659241,-1.15735279218574,-0.892721140999073,"PMM",148
"gb",1.67000887645891,1.38558601447431,1.95443173844351,"PMM",148
"x1",2.00713271496335,1.89613445327437,2.11813097665233,"FULL",149
"x2",-0.966363658486714,-1.0782904895147,-0.854436827458723,"FULL",149
"gb",1.62471504633984,1.42877982142066,1.82065027125901,"FULL",149
"x1",1.89370847138639,1.72118415900267,2.0662327837701,"CC",149
"x2",-0.921148065074254,-1.08083962563214,-0.761456504516368,"CC",149
"gb",1.58635496297673,1.31062126800551,1.86208865794796,"CC",149
"x1",2.04229582355022,1.89864574685032,2.18594590025011,"MI",149
"x2",-1.0011531349618,-1.14903756386283,-0.853268706060778,"MI",149
"gb",1.5881358438054,1.32291784378901,1.8533538438218,"MI",149
"x1",2.04977788086205,1.76333919854147,2.33621656318264,"PMM",149
"x2",-0.998218768598262,-1.21929141642022,-0.777146120776301,"PMM",149
"gb",1.59983930644885,1.36752632226674,1.83215229063096,"PMM",149
"x1",1.96288635197574,1.83861219352799,2.08716051042348,"FULL",150
"x2",-0.872296369222161,-0.989318738749394,-0.755273999694928,"FULL",150
"gb",1.45953548527712,1.24688573921561,1.67218523133862,"FULL",150
"x1",1.81164264954112,1.61345461731901,2.00983068176324,"CC",150
"x2",-0.819039126047711,-0.994513335086728,-0.643564917008694,"CC",150
"gb",1.52721258647626,1.19336429134184,1.86106088161069,"CC",150
"x1",2.01246497464013,1.84129115226226,2.18363879701801,"MI",150
"x2",-0.949790335332798,-1.10596918484536,-0.793611485820239,"MI",150
"gb",1.80597483014385,1.51052697515697,2.10142268513073,"MI",150
"x1",1.96953685394917,1.81056993381003,2.12850377408831,"PMM",150
"x2",-0.894447775685812,-1.0622906797406,-0.726604871631022,"PMM",150
"gb",1.80854255333193,1.51159434155143,2.10549076511244,"PMM",150
"x1",2.03077849592459,1.9139152708314,2.14764172101778,"FULL",151
"x2",-1.18494154914371,-1.3003512451461,-1.06953185314132,"FULL",151
"gb",1.62222275148056,1.41462241728988,1.82982308567123,"FULL",151
"x1",1.89866404920065,1.73952991486985,2.05779818353144,"CC",151
"x2",-1.05142594446643,-1.2062877703717,-0.896564118561162,"CC",151
"gb",1.72756232912095,1.4428210939795,2.01230356426239,"CC",151
"x1",2.04492858668616,1.89846953451428,2.19138763885805,"MI",151
"x2",-1.1761446323772,-1.32545373987534,-1.02683552487905,"MI",151
"gb",1.82595243025242,1.5954566537732,2.05644820673164,"MI",151
"x1",2.03081687693605,1.89660132235466,2.16503243151745,"PMM",151
"x2",-1.16490808077745,-1.30892155340337,-1.02089460815154,"PMM",151
"gb",1.75097107598909,1.46904417908903,2.03289797288915,"PMM",151
"x1",1.89786399944261,1.78442159617444,2.01130640271078,"FULL",152
"x2",-0.885205309120704,-0.992157248970358,-0.778253369271049,"FULL",152
"gb",1.69663722543834,1.49812232163375,1.89515212924294,"FULL",152
"x1",1.83699968047786,1.64834468755362,2.02565467340209,"CC",152
"x2",-0.832738676891765,-0.999029296089811,-0.666448057693718,"CC",152
"gb",1.54904225006601,1.25182535942765,1.84625914070436,"CC",152
"x1",1.94144002844766,1.7602855445458,2.12259451234952,"MI",152
"x2",-0.935208319682449,-1.06779753052476,-0.802619108840136,"MI",152
"gb",1.66750474987541,1.41652447005253,1.9184850296983,"MI",152
"x1",1.91365691717491,1.68938041009744,2.13793342425239,"PMM",152
"x2",-0.872760710730507,-1.07998357970866,-0.66553784175235,"PMM",152
"gb",1.75113844675208,1.47846651742525,2.02381037607891,"PMM",152
"x1",1.95340350665337,1.84016822142642,2.06663879188032,"FULL",153
"x2",-0.97933231980226,-1.09075138396741,-0.867913255637111,"FULL",153
"gb",1.41068214265412,1.20818005627777,1.61318422903047,"FULL",153
"x1",1.88509914025761,1.73359885649077,2.03659942402446,"CC",153
"x2",-1.03651690475441,-1.19838920550244,-0.874644604006375,"CC",153
"gb",1.33373444538974,1.04590981486513,1.62155907591436,"CC",153
"x1",1.94465623616371,1.81012606593514,2.07918640639229,"MI",153
"x2",-1.04373413466219,-1.18650386118961,-0.90096440813478,"MI",153
"gb",1.29292093556442,1.0103445442565,1.57549732687235,"MI",153
"x1",1.96402685682967,1.83766179973193,2.09039191392741,"PMM",153
"x2",-0.998391389219066,-1.17855157816653,-0.818231200271604,"PMM",153
"gb",1.42159423838588,1.12677550593984,1.71641297083191,"PMM",153
"x1",1.87254966572715,1.75328456609109,1.99181476536321,"FULL",154
"x2",-0.898603588248792,-1.01295645371419,-0.784250722783399,"FULL",154
"gb",1.42591336043679,1.22066931023594,1.63115741063765,"FULL",154
"x1",1.76039184591316,1.59268689061369,1.92809680121264,"CC",154
"x2",-0.876943229120831,-1.02544153316926,-0.7284449250724,"CC",154
"gb",1.26774235101677,0.981321658638677,1.55416304339486,"CC",154
"x1",1.91767080000898,1.78690092152467,2.04844067849328,"MI",154
"x2",-0.917099475445716,-1.03154290565964,-0.802656045231789,"MI",154
"gb",1.43977101183224,1.22201698900558,1.6575250346589,"MI",154
"x1",1.91511428732186,1.74849527966968,2.08173329497405,"PMM",154
"x2",-0.931741010694333,-1.10367837136812,-0.759803650020543,"PMM",154
"gb",1.49450412367109,1.26824615402131,1.72076209332087,"PMM",154
"x1",1.94563612599515,1.8294983702768,2.06177388171351,"FULL",155
"x2",-0.925969440347635,-1.0398485363286,-0.81209034436667,"FULL",155
"gb",1.34263095373178,1.14864560748263,1.53661629998093,"FULL",155
"x1",1.79593132332243,1.62672769189678,1.96513495474807,"CC",155
"x2",-0.812944310392282,-0.964840990796741,-0.661047629987823,"CC",155
"gb",1.30856263708141,1.03726242980534,1.57986284435748,"CC",155
"x1",1.93596696216241,1.81137571214878,2.06055821217604,"MI",155
"x2",-0.932463897009201,-1.05821138721329,-0.806716406805107,"MI",155
"gb",1.46318432312373,1.20690263743043,1.71946600881702,"MI",155
"x1",1.96523218107159,1.82157735027058,2.10888701187261,"PMM",155
"x2",-0.926343341983224,-1.08716120855367,-0.765525475412783,"PMM",155
"gb",1.45203041286272,1.25692418536747,1.64713664035796,"PMM",155
"x1",2.13169448176969,2.01591041761679,2.2474785459226,"FULL",156
"x2",-1.06579790304166,-1.18190504206008,-0.94969076402325,"FULL",156
"gb",1.59612316189547,1.3935602361842,1.79868608760674,"FULL",156
"x1",2.06518347951116,1.86873289818616,2.26163406083616,"CC",156
"x2",-1.04142239030431,-1.21940339427762,-0.863441386331,"CC",156
"gb",1.54876093431878,1.24640361323431,1.85111825540326,"CC",156
"x1",2.18871567928,2.04768613242514,2.32974522613486,"MI",156
"x2",-0.973050714383073,-1.11789160604731,-0.828209822718836,"MI",156
"gb",1.58816774616884,1.32805579287186,1.84827969946581,"MI",156
"x1",2.22917240104027,2.08901960486329,2.36932519721724,"PMM",156
"x2",-1.00440098038652,-1.15363389373479,-0.855168067038251,"PMM",156
"gb",1.63498056657395,1.35599443281788,1.91396670033001,"PMM",156
"x1",1.96642702633078,1.86609679516337,2.06675725749819,"FULL",157
"x2",-1.0113856361883,-1.12060338523932,-0.902167887137276,"FULL",157
"gb",1.51874533780169,1.33309987329822,1.70439080230517,"FULL",157
"x1",1.97410573553446,1.80062658816481,2.1475848829041,"CC",157
"x2",-1.05080932053149,-1.2236929505593,-0.877925690503687,"CC",157
"gb",1.41763642342048,1.12418425461695,1.71108859222401,"CC",157
"x1",1.94897674984626,1.81125517475539,2.08669832493713,"MI",157
"x2",-0.981895205656893,-1.12733610884097,-0.836454302472814,"MI",157
"gb",1.56711484676174,1.34045608964821,1.79377360387527,"MI",157
"x1",1.98450608883714,1.82910699710146,2.13990518057283,"PMM",157
"x2",-0.992842697151785,-1.20653569707501,-0.779149697228557,"PMM",157
"gb",1.50077286951483,1.23202129657458,1.76952444245508,"PMM",157
"x1",2.02990024960036,1.91127607024811,2.14852442895261,"FULL",158
"x2",-1.0219804115644,-1.13836888161582,-0.905591941512979,"FULL",158
"gb",1.40209055945946,1.19594011211651,1.60824100680241,"FULL",158
"x1",1.83397703818785,1.65604204756714,2.01191202880855,"CC",158
"x2",-0.900844813162289,-1.05767922830177,-0.744010398022805,"CC",158
"gb",1.38648743923182,1.0843726179622,1.68860226050143,"CC",158
"x1",1.99508189911897,1.85076289438465,2.1394009038533,"MI",158
"x2",-1.0070671839089,-1.14437914861582,-0.86975521920198,"MI",158
"gb",1.52187675285742,1.3096671012686,1.73408640444624,"MI",158
"x1",1.95532619598493,1.79701325179021,2.11363914017965,"PMM",158
"x2",-1.01223596245571,-1.20527975230074,-0.819192172610684,"PMM",158
"gb",1.52140177830202,1.22646844972183,1.81633510688222,"PMM",158
"x1",2.09022007459326,1.98049252877174,2.19994762041477,"FULL",159
"x2",-1.19949598007418,-1.32064546909002,-1.07834649105834,"FULL",159
"gb",1.36647952649519,1.16864910386972,1.56430994912066,"FULL",159
"x1",2.02327648931568,1.84768815446076,2.1988648241706,"CC",159
"x2",-1.19720134628507,-1.37263517315967,-1.02176751941048,"CC",159
"gb",1.19690584423384,0.908825782688342,1.48498590577934,"CC",159
"x1",2.1085249255949,1.98158261718087,2.23546723400894,"MI",159
"x2",-1.223423117,-1.37367381086217,-1.07317242313783,"MI",159
"gb",1.30480915016464,0.965854923577703,1.64376337675159,"MI",159
"x1",2.07141449972496,1.94038451875799,2.20244448069193,"PMM",159
"x2",-1.17386097587498,-1.34424781098221,-1.00347414076774,"PMM",159
"gb",1.23707445385607,0.869217966133702,1.60493094157844,"PMM",159
"x1",2.00884110623216,1.89717779132686,2.12050442113746,"FULL",160
"x2",-1.0281787807138,-1.14177392863831,-0.914583632789287,"FULL",160
"gb",1.5531899276831,1.35119916190704,1.75518069345916,"FULL",160
"x1",1.91946288273518,1.73753487805072,2.10139088741965,"CC",160
"x2",-0.930803094907242,-1.10539537695353,-0.756210812860958,"CC",160
"gb",1.38130478899964,1.07843952246208,1.6841700555372,"CC",160
"x1",2.04620115840547,1.88768806245462,2.20471425435632,"MI",160
"x2",-1.05003581179589,-1.22414215258306,-0.875929471008722,"MI",160
"gb",1.63077554597462,1.29030787503258,1.97124321691667,"MI",160
"x1",2.02174788626721,1.86391153232332,2.1795842402111,"PMM",160
"x2",-1.0180576203801,-1.1849682251754,-0.851147015584791,"PMM",160
"gb",1.54111357178709,1.29454662115524,1.78768052241895,"PMM",160
"x1",1.94895354644631,1.83737645277889,2.06053064011373,"FULL",161
"x2",-1.02053662648382,-1.13010556586817,-0.910967687099465,"FULL",161
"gb",1.49298403263104,1.29082408115187,1.6951439841102,"FULL",161
"x1",1.78927950363523,1.6114464786002,1.96711252867027,"CC",161
"x2",-0.99676086933687,-1.16901794700793,-0.824503791665809,"CC",161
"gb",1.23975126294035,0.91287879850999,1.5666237273707,"CC",161
"x1",1.87998386823809,1.74564877836213,2.01431895811406,"MI",161
"x2",-1.02623160365651,-1.18627760187157,-0.866185605441456,"MI",161
"gb",1.5066204669385,1.26393231989292,1.74930861398408,"MI",161
"x1",1.91412411508135,1.76385484176431,2.06439338839838,"PMM",161
"x2",-0.991236938951325,-1.16885747249963,-0.81361640540302,"PMM",161
"gb",1.40875256697495,1.09232379010184,1.72518134384805,"PMM",161
"x1",1.95323916480314,1.84104811413528,2.06543021547099,"FULL",162
"x2",-1.03747801831743,-1.14318664806275,-0.931769388572102,"FULL",162
"gb",1.48978131060402,1.29532239607421,1.68424022513382,"FULL",162
"x1",1.82479083933048,1.6612554043552,1.98832627430577,"CC",162
"x2",-0.883600797103527,-1.03745153239809,-0.729750061808966,"CC",162
"gb",1.5213623564166,1.25509561079312,1.78762910204008,"CC",162
"x1",1.97957010736261,1.84800531415096,2.11113490057426,"MI",162
"x2",-1.00585963679622,-1.16930480294616,-0.842414470646279,"MI",162
"gb",1.61688319115987,1.40429694648479,1.82946943583495,"MI",162
"x1",1.97706749005761,1.83405049667016,2.12008448344505,"PMM",162
"x2",-0.954804094815319,-1.08487636214172,-0.824731827488921,"PMM",162
"gb",1.54956997233222,1.26619374415257,1.83294620051186,"PMM",162
"x1",1.9743062010297,1.85913190305332,2.08948049900608,"FULL",163
"x2",-0.970403417625364,-1.0843913424537,-0.856415492797028,"FULL",163
"gb",1.42345672204987,1.21517021211503,1.63174323198471,"FULL",163
"x1",1.79307660268362,1.60613253640688,1.98002066896035,"CC",163
"x2",-0.96761927957584,-1.13795009127457,-0.797288467877107,"CC",163
"gb",1.24837648349519,0.924853237171197,1.57189972981918,"CC",163
"x1",1.96385001263664,1.78681408663352,2.14088593863977,"MI",163
"x2",-1.05923808508831,-1.28015032381676,-0.838325846359862,"MI",163
"gb",1.42937400809382,1.19830768265027,1.66044033353737,"MI",163
"x1",2.02685503587701,1.89392932062963,2.15978075112439,"PMM",163
"x2",-1.0555931347467,-1.17852188020118,-0.932664389292214,"PMM",163
"gb",1.39053383242362,1.03738089192435,1.74368677292288,"PMM",163
"x1",2.04470548351359,1.92239752852141,2.16701343850577,"FULL",164
"x2",-1.02461085021466,-1.14741531917056,-0.901806381258758,"FULL",164
"gb",1.35666658183038,1.15009549819486,1.5632376654659,"FULL",164
"x1",1.87574336115452,1.67598212109838,2.07550460121067,"CC",164
"x2",-0.856877952320549,-1.03580385468641,-0.677952049954692,"CC",164
"gb",1.30001600426961,0.984200659071494,1.61583134946772,"CC",164
"x1",2.03444790899709,1.8907100482853,2.17818576970887,"MI",164
"x2",-0.982732368305761,-1.12907506823358,-0.83638966837794,"MI",164
"gb",1.27123817463131,0.937097917213966,1.60537843204866,"MI",164
"x1",2.05754516351755,1.88116784368364,2.23392248335146,"PMM",164
"x2",-0.981974500452692,-1.1352111665388,-0.828737834366584,"PMM",164
"gb",1.2820723458936,1.03784104651503,1.52630364527218,"PMM",164
"x1",1.9821166828753,1.86527688575346,2.09895647999715,"FULL",165
"x2",-1.01019599730722,-1.12995647059233,-0.890435524022114,"FULL",165
"gb",1.5410271918427,1.34532552116759,1.7367288625178,"FULL",165
"x1",1.92975612232736,1.7448551922851,2.11465705236963,"CC",165
"x2",-1.0311766221901,-1.21649966098198,-0.845853583398214,"CC",165
"gb",1.64798864252513,1.33305594266652,1.96292134238374,"CC",165
"x1",2.08051134468158,1.93453963400427,2.22648305535889,"MI",165
"x2",-1.05391753695508,-1.27159484915043,-0.836240224759727,"MI",165
"gb",1.62411422844619,1.3799997082634,1.86822874862898,"MI",165
"x1",2.10416156462161,1.95820784995385,2.25011527928936,"PMM",165
"x2",-1.08109309005989,-1.23995740373252,-0.922228776387255,"PMM",165
"gb",1.64180646562014,1.26690162235178,2.01671130888849,"PMM",165
"x1",1.97865848847079,1.86678294646331,2.09053403047827,"FULL",166
"x2",-0.956290148166562,-1.06709495642209,-0.845485339911031,"FULL",166
"gb",1.55749626654674,1.35612128309602,1.75887124999747,"FULL",166
"x1",1.7502348899976,1.55787537763673,1.94259440235847,"CC",166
"x2",-0.873978270987833,-1.04363807406769,-0.704318467907979,"CC",166
"gb",1.38865537154648,1.08848605504487,1.68882468804808,"CC",166
"x1",2.01221742624502,1.86894167571125,2.1554931767788,"MI",166
"x2",-1.01982620123366,-1.15614641962712,-0.883505982840194,"MI",166
"gb",1.58486769773879,1.2968939278561,1.87284146762148,"MI",166
"x1",2.01028014651429,1.85776107952862,2.16279921349996,"PMM",166
"x2",-0.99447055696455,-1.15645747802608,-0.832483635903018,"PMM",166
"gb",1.52245711248682,1.27944288410394,1.76547134086969,"PMM",166
"x1",2.03378578815785,1.92120019128432,2.14637138503137,"FULL",167
"x2",-1.07880562738872,-1.19859617652041,-0.959015078257025,"FULL",167
"gb",1.50401211251013,1.30025001002407,1.70777421499619,"FULL",167
"x1",1.9411265213572,1.7785293387648,2.1037237039496,"CC",167
"x2",-0.98440314055747,-1.14376282576932,-0.82504345534562,"CC",167
"gb",1.26973208824348,0.962330445190112,1.57713373129684,"CC",167
"x1",2.09444823061325,1.9227958440737,2.26610061715279,"MI",167
"x2",-1.17322229913075,-1.31666545324644,-1.02977914501505,"MI",167
"gb",1.56319002361254,1.35181007281492,1.77456997441015,"MI",167
"x1",2.10643501680469,1.95220484962192,2.26066518398746,"PMM",167
"x2",-1.14449610127005,-1.36464781646854,-0.92434438607156,"PMM",167
"gb",1.51107854197294,1.23346347978432,1.78869360416156,"PMM",167
"x1",2.07530279597352,1.96795637158569,2.18264922036135,"FULL",168
"x2",-0.975329314808781,-1.08157925143905,-0.869079378178513,"FULL",168
"gb",1.60431832402283,1.40954105392893,1.79909559411672,"FULL",168
"x1",2.0694450595692,1.90262530284119,2.23626481629722,"CC",168
"x2",-0.95082808851203,-1.0998181913821,-0.801837985641957,"CC",168
"gb",1.73501881479381,1.44303815386132,2.02699947572629,"CC",168
"x1",2.07175220135754,1.92420101840365,2.21930338431142,"MI",168
"x2",-0.941581759318582,-1.07936124379895,-0.803802274838216,"MI",168
"gb",1.77992558698218,1.41726481437926,2.14258635958511,"MI",168
"x1",2.08296891730455,1.95851793360321,2.2074199010059,"PMM",168
"x2",-0.928662935706152,-1.06943859693204,-0.787887274480262,"PMM",168
"gb",1.76406999348983,1.12877873926774,2.39936124771191,"PMM",168
"x1",2.02336370419851,1.90236600298958,2.14436140540744,"FULL",169
"x2",-1.04625797317037,-1.16356754645163,-0.928948399889101,"FULL",169
"gb",1.53795453101779,1.32788410886915,1.74802495316643,"FULL",169
"x1",1.88462057822462,1.68671296792322,2.08252818852602,"CC",169
"x2",-0.965417641223645,-1.1370670012097,-0.793768281237587,"CC",169
"gb",1.56541655435663,1.24116295370582,1.88967015500744,"CC",169
"x1",2.04067544905961,1.878796731364,2.20255416675522,"MI",169
"x2",-1.01320513409088,-1.15321565003571,-0.873194618146038,"MI",169
"gb",1.69933226181464,1.37673979400476,2.02192472962451,"MI",169
"x1",2.02336520184749,1.86022044338124,2.18650996031374,"PMM",169
"x2",-1.0105906842684,-1.16548864702111,-0.855692721515699,"PMM",169
"gb",1.62361885635153,1.32390310857321,1.92333460412985,"PMM",169
"x1",2.0396853923617,1.92380516524491,2.1555656194785,"FULL",170
"x2",-0.98740459715594,-1.10062639349398,-0.874182800817896,"FULL",170
"gb",1.39138751670998,1.18697764078239,1.59579739263757,"FULL",170
"x1",1.89693662365371,1.730167500353,2.06370574695441,"CC",170
"x2",-0.906780612890673,-1.06348609900696,-0.750075126774381,"CC",170
"gb",1.52012634069661,1.23388561238826,1.80636706900496,"CC",170
"x1",1.98055154416931,1.86101213081996,2.10009095751867,"MI",170
"x2",-0.911903710201736,-1.03744424633129,-0.786363174072187,"MI",170
"gb",1.50049736395103,1.24592861605968,1.75506611184237,"MI",170
"x1",1.96315282387896,1.83546601013548,2.09083963762244,"PMM",170
"x2",-0.932332773552514,-1.07945963613068,-0.785205910974352,"PMM",170
"gb",1.52098461090893,1.15818076742755,1.88378845439031,"PMM",170
"x1",1.98399730860921,1.87384832083225,2.09414629638618,"FULL",171
"x2",-1.01747708567896,-1.13345679622254,-0.901497375135386,"FULL",171
"gb",1.48385973353369,1.27905849720589,1.68866096986149,"FULL",171
"x1",1.89063805445076,1.72987370611492,2.05140240278661,"CC",171
"x2",-1.10121334645099,-1.2642791700763,-0.938147522825671,"CC",171
"gb",1.4074885427169,1.0988439449954,1.71613314043839,"CC",171
"x1",1.91726145034282,1.74569348621086,2.08882941447479,"MI",171
"x2",-0.981214363566155,-1.14883877267818,-0.813589954454133,"MI",171
"gb",1.59068118956377,1.29522058009872,1.88614179902883,"MI",171
"x1",2.00065563761741,1.85321725577014,2.14809401946468,"PMM",171
"x2",-1.0286710615015,-1.22264374381545,-0.834698379187541,"PMM",171
"gb",1.56472664242989,1.29711626545906,1.83233701940072,"PMM",171
"x1",2.02038242056307,1.90200513472022,2.13875970640592,"FULL",172
"x2",-1.09166313691835,-1.19821249316605,-0.985113780670647,"FULL",172
"gb",1.52998576234319,1.32968043665178,1.7302910880346,"FULL",172
"x1",1.89100795722294,1.71271555411253,2.06930036033334,"CC",172
"x2",-1.06210983990467,-1.20999143416126,-0.914228245648078,"CC",172
"gb",1.54395441453349,1.2553900522949,1.83251877677209,"CC",172
"x1",2.03314257443986,1.85030533569066,2.21597981318906,"MI",172
"x2",-1.06190901367419,-1.18100473842997,-0.94281328891841,"MI",172
"gb",1.63917207600503,1.32043737628358,1.95790677572648,"MI",172
"x1",2.02548774798057,1.88570426890044,2.1652712270607,"PMM",172
"x2",-1.08595922091505,-1.23448104491924,-0.937437396910864,"PMM",172
"gb",1.5696528692566,1.22517315063803,1.91413258787518,"PMM",172
"x1",2.04008661241844,1.92655897211857,2.15361425271831,"FULL",173
"x2",-1.11653430837526,-1.22977092146123,-1.00329769528929,"FULL",173
"gb",1.51142866779294,1.30773625247838,1.71512108310749,"FULL",173
"x1",1.88382199748239,1.69776033384797,2.06988366111681,"CC",173
"x2",-1.02895949095422,-1.21092719715905,-0.84699178474939,"CC",173
"gb",1.34475356571446,1.02580167726199,1.66370545416692,"CC",173
"x1",2.06234367742331,1.89263130335132,2.23205605149529,"MI",173
"x2",-1.12130593222804,-1.26082815494609,-0.981783709509994,"MI",173
"gb",1.43530190116095,1.16196802262032,1.70863577970159,"MI",173
"x1",2.06314183853352,1.90515517719331,2.22112849987374,"PMM",173
"x2",-1.1284129407836,-1.39626436745655,-0.860561514110648,"PMM",173
"gb",1.49208732220009,1.21795469593657,1.76621994846361,"PMM",173
"x1",2.02936125527154,1.91334065099755,2.14538185954552,"FULL",174
"x2",-1.06195642226125,-1.1797625362433,-0.944150308279195,"FULL",174
"gb",1.42217409641273,1.22174973410227,1.62259845872319,"FULL",174
"x1",1.85912916102113,1.67936465701903,2.03889366502323,"CC",174
"x2",-0.935078260625526,-1.10572660020618,-0.764429921044871,"CC",174
"gb",1.36583613600885,1.06059043986198,1.67108183215572,"CC",174
"x1",2.00481695039724,1.8779571952244,2.13167670557007,"MI",174
"x2",-0.996304169085596,-1.15495622682851,-0.837652111342686,"MI",174
"gb",1.40829215071936,1.09307408397431,1.72351021746442,"MI",174
"x1",2.05497482187467,1.90610040741161,2.20384923633773,"PMM",174
"x2",-1.03251873635238,-1.16215035336955,-0.902887119335204,"PMM",174
"gb",1.40339090502891,1.08879446244846,1.71798734760936,"PMM",174
"x1",1.99609525516981,1.88830971975005,2.10388079058957,"FULL",175
"x2",-1.06162660304633,-1.17240276405459,-0.950850442038076,"FULL",175
"gb",1.36497461073447,1.1677209281913,1.56222829327763,"FULL",175
"x1",1.85596485940839,1.68595007990265,2.02597963891414,"CC",175
"x2",-1.07455533852386,-1.23604208141193,-0.913068595635788,"CC",175
"gb",1.3438166497397,1.04229514586379,1.6453381536156,"CC",175
"x1",1.9626508451257,1.84771686070205,2.07758482954935,"MI",175
"x2",-1.06892995277533,-1.19719172786183,-0.940668177688822,"MI",175
"gb",1.42450494186474,1.13967175998007,1.70933812374941,"MI",175
"x1",1.9826184463577,1.83840780355938,2.12682908915602,"PMM",175
"x2",-1.08677968963441,-1.21061214981416,-0.962947229454662,"PMM",175
"gb",1.37947893373199,1.00321019388075,1.75574767358323,"PMM",175
"x1",1.95975475979548,1.84066417331808,2.07884534627287,"FULL",176
"x2",-0.97039745603627,-1.09833040729011,-0.842464504782433,"FULL",176
"gb",1.66027871852536,1.45326210329441,1.86729533375631,"FULL",176
"x1",1.89271460899613,1.70605618689538,2.07937303109687,"CC",176
"x2",-0.970103976267076,-1.16585613397142,-0.774351818562729,"CC",176
"gb",1.64112629616915,1.32005988084064,1.96219271149766,"CC",176
"x1",1.94219626892515,1.80834540371289,2.07604713413741,"MI",176
"x2",-0.912457816850913,-1.1375977864731,-0.68731784722873,"MI",176
"gb",1.69131759577891,1.48694144797954,1.89569374357828,"MI",176
"x1",1.95445106054367,1.76685215166269,2.14204996942465,"PMM",176
"x2",-0.933096176663543,-1.06582514092331,-0.80036721240378,"PMM",176
"gb",1.57252365749962,1.25489546812944,1.89015184686979,"PMM",176
"x1",1.91350033055238,1.79054026450111,2.03646039660366,"FULL",177
"x2",-0.943603678362402,-1.06291041074191,-0.824296945982897,"FULL",177
"gb",1.28795437021849,1.08338497949158,1.4925237609454,"FULL",177
"x1",1.85352466208856,1.67750239821811,2.02954692595901,"CC",177
"x2",-1.01077371630053,-1.17816494939471,-0.843382483206358,"CC",177
"gb",1.36595053113395,1.06891397745067,1.66298708481723,"CC",177
"x1",1.96026394424436,1.81262133692246,2.10790655156625,"MI",177
"x2",-0.959385878484588,-1.09652098584591,-0.822250771123264,"MI",177
"gb",1.34537890485496,1.12382415625084,1.56693365345908,"MI",177
"x1",1.98900557576514,1.81226369841263,2.16574745311766,"PMM",177
"x2",-0.987013113629738,-1.13542870026059,-0.838597526998886,"PMM",177
"gb",1.45069811692858,1.1397533298118,1.76164290404536,"PMM",177
"x1",1.98779125711515,1.87318074590835,2.10240176832194,"FULL",178
"x2",-0.991341684974091,-1.10774869332347,-0.874934676624712,"FULL",178
"gb",1.54625609660514,1.34814920331763,1.74436298989265,"FULL",178
"x1",1.78980568633653,1.60012189373278,1.97948947894027,"CC",178
"x2",-0.918856037063538,-1.10256730764678,-0.735144766480293,"CC",178
"gb",1.39265634623717,1.0830407689266,1.70227192354774,"CC",178
"x1",1.93835923193045,1.78715336757514,2.08956509628576,"MI",178
"x2",-1.07388422798567,-1.22576493199418,-0.922003523977153,"MI",178
"gb",1.53754409188349,1.23061036126583,1.84447782250116,"MI",178
"x1",1.95318323953886,1.793785355695,2.11258112338272,"PMM",178
"x2",-1.03080090356471,-1.17590800426291,-0.885693802866498,"PMM",178
"gb",1.49978681066727,1.18998111383091,1.80959250750363,"PMM",178
"x1",1.99255275130971,1.87718356248646,2.10792194013296,"FULL",179
"x2",-0.958592520963713,-1.07712071577455,-0.840064326152879,"FULL",179
"gb",1.67274389373646,1.4627427256932,1.88274506177972,"FULL",179
"x1",1.95006642587627,1.7532826568847,2.14685019486785,"CC",179
"x2",-0.849127737843379,-1.02940494675947,-0.668850528927291,"CC",179
"gb",1.57706618085477,1.24773239491901,1.90639996679054,"CC",179
"x1",1.97988088835928,1.83583667511244,2.12392510160613,"MI",179
"x2",-0.873375370589039,-1.02936116924583,-0.717389571932243,"MI",179
"gb",1.68957357005145,1.36989381233496,2.00925332776793,"MI",179
"x1",2.11995707948165,1.97207531404204,2.26783884492125,"PMM",179
"x2",-0.949887659010072,-1.08717684787702,-0.812598470143123,"PMM",179
"gb",1.8157898958707,1.46453636131659,2.1670434304248,"PMM",179
"x1",1.95078427035634,1.84295465613868,2.05861388457401,"FULL",180
"x2",-0.93272793377435,-1.04665879182849,-0.818797075720206,"FULL",180
"gb",1.46833530023854,1.27810856397635,1.65856203650073,"FULL",180
"x1",1.87938184685107,1.71895995068554,2.03980374301661,"CC",180
"x2",-0.966216012262028,-1.12985860533301,-0.802573419191048,"CC",180
"gb",1.59377964775022,1.32822245557788,1.85933683992255,"CC",180
"x1",1.97239742395796,1.79701247507842,2.14778237283751,"MI",180
"x2",-1.03089407694907,-1.20166899733555,-0.860119156562588,"MI",180
"gb",1.68934862125064,1.47959653806809,1.8991007044332,"MI",180
"x1",1.96623314896136,1.80948569813516,2.12298059978757,"PMM",180
"x2",-0.983592693912169,-1.10804392345052,-0.859141464373819,"PMM",180
"gb",1.7133362070211,1.4156244331018,2.01104798094041,"PMM",180
"x1",2.05467731895442,1.94039306864449,2.16896156926435,"FULL",181
"x2",-1.00557644675104,-1.12042723928044,-0.890725654221642,"FULL",181
"gb",1.47827683611256,1.28312074226885,1.67343292995627,"FULL",181
"x1",1.84123113684217,1.66545984160035,2.01700243208399,"CC",181
"x2",-0.951073569812752,-1.11401571856139,-0.788131421064116,"CC",181
"gb",1.41445880395656,1.12688773537729,1.70202987253583,"CC",181
"x1",2.01263770612751,1.85435308176444,2.17092233049058,"MI",181
"x2",-0.99140148706849,-1.13736152532025,-0.845441448816726,"MI",181
"gb",1.39399214164225,1.16746364735761,1.6205206359269,"MI",181
"x1",2.07580835805301,1.93096358281868,2.22065313328734,"PMM",181
"x2",-1.04574524394508,-1.17125417193914,-0.920236315951008,"PMM",181
"gb",1.54642700577583,1.29391400348823,1.79894000806343,"PMM",181
"x1",1.99162220654649,1.87259256567201,2.11065184742096,"FULL",182
"x2",-0.94967973833573,-1.06587263567258,-0.833486840998878,"FULL",182
"gb",1.70071927140988,1.49498847643712,1.90645006638264,"FULL",182
"x1",1.89902570215266,1.71991413385731,2.07813727044801,"CC",182
"x2",-0.816550120817558,-0.988078065270738,-0.645022176364379,"CC",182
"gb",1.85903293745038,1.54384081469298,2.17422506020777,"CC",182
"x1",2.01434991426366,1.84747996558122,2.18121986294609,"MI",182
"x2",-0.86043484118783,-0.971737521951561,-0.749132160424099,"MI",182
"gb",1.91629503040967,1.6641240526463,2.16846600817304,"MI",182
"x1",2.01472759865288,1.86420245623669,2.16525274106907,"PMM",182
"x2",-0.884722310682164,-1.03145425046701,-0.737990370897317,"PMM",182
"gb",1.87653291153199,1.6588451430987,2.09422067996529,"PMM",182
"x1",1.96964205047981,1.84455160139345,2.09473249956618,"FULL",183
"x2",-0.878952665198799,-0.999950602188428,-0.757954728209171,"FULL",183
"gb",1.47421624038751,1.26047694950146,1.68795553127356,"FULL",183
"x1",1.81902747755335,1.62160925920341,2.01644569590329,"CC",183
"x2",-0.806831610064025,-0.976482047472987,-0.637181172655063,"CC",183
"gb",1.37144611121316,1.05467920647502,1.6882130159513,"CC",183
"x1",1.92255358521907,1.55399903311307,2.29110813732507,"MI",183
"x2",-0.871084546745526,-1.09263370327099,-0.649535390220062,"MI",183
"gb",1.48428000322041,1.24200989752002,1.7265501089208,"MI",183
"x1",2.00639924111445,1.82938357368343,2.18341490854547,"PMM",183
"x2",-0.86506303043461,-0.990507585702994,-0.739618475166227,"PMM",183
"gb",1.49405608008586,1.2568563755279,1.73125578464382,"PMM",183
"x1",1.86680934328603,1.75049125907389,1.98312742749816,"FULL",184
"x2",-0.980166020216434,-1.095350633811,-0.864981406621865,"FULL",184
"gb",1.37994027013145,1.17782904390738,1.58205149635551,"FULL",184
"x1",1.75069484471354,1.57799801457288,1.9233916748542,"CC",184
"x2",-0.918489615208925,-1.08275841323401,-0.754220817183842,"CC",184
"gb",1.50782704352287,1.21842200102465,1.7972320860211,"CC",184
"x1",1.93170569001291,1.76737752805007,2.09603385197575,"MI",184
"x2",-1.00592728200289,-1.13755027579566,-0.874304288210111,"MI",184
"gb",1.5227187918652,1.29243678059754,1.75300080313286,"MI",184
"x1",1.89845297773605,1.76745060545544,2.02945535001666,"PMM",184
"x2",-0.999652954519926,-1.14722437882893,-0.852081530210917,"PMM",184
"gb",1.5310372380593,1.19572545586516,1.86634902025343,"PMM",184
"x1",1.98829526319852,1.86219295594951,2.11439757044753,"FULL",185
"x2",-1.08849793135465,-1.20041087200275,-0.976584990706536,"FULL",185
"gb",1.36564272575512,1.15491440784314,1.57637104366709,"FULL",185
"x1",1.7945468034377,1.60053851873919,1.98855508813621,"CC",185
"x2",-0.99217403359715,-1.15238463742094,-0.831963429773356,"CC",185
"gb",1.20299841432268,0.887453467060382,1.51854336158498,"CC",185
"x1",1.97853311871438,1.83338336806843,2.12368286936033,"MI",185
"x2",-1.01604928099329,-1.15192786894902,-0.880170693037562,"MI",185
"gb",1.29771867637578,1.00678193500514,1.58865541774641,"MI",185
"x1",1.97555724753447,1.78982962938204,2.1612848656869,"PMM",185
"x2",-0.965769045611609,-1.10362695849829,-0.827911132724933,"PMM",185
"gb",1.41449190395565,1.17059335453198,1.65839045337932,"PMM",185
"x1",1.96027631955033,1.84799755287741,2.07255508622326,"FULL",186
"x2",-1.0464723076506,-1.15198724797986,-0.940957367321348,"FULL",186
"gb",1.3771495848437,1.18528771714337,1.56901145254402,"FULL",186
"x1",1.92241873489,1.73695974733293,2.10787772244707,"CC",186
"x2",-0.998751777282372,-1.16030546501187,-0.837198089552876,"CC",186
"gb",1.32801965714383,1.02374691439715,1.63229239989051,"CC",186
"x1",2.03066403067972,1.88102860940632,2.18029945195311,"MI",186
"x2",-0.995185646193048,-1.13038347757314,-0.859987814812955,"MI",186
"gb",1.33008407556258,1.02785455316274,1.63231359796243,"MI",186
"x1",2.04161343107504,1.7869866764563,2.29624018569377,"PMM",186
"x2",-0.970478292588499,-1.10030922750247,-0.840647357674524,"PMM",186
"gb",1.30167966881307,1.02003013427359,1.58332920335256,"PMM",186
"x1",2.1224779714669,2.00938527632773,2.23557066660606,"FULL",187
"x2",-1.05189041733458,-1.16127286103254,-0.942507973636614,"FULL",187
"gb",1.32114866562212,1.1130349173593,1.52926241388494,"FULL",187
"x1",2.03281071929357,1.85181364706842,2.21380779151873,"CC",187
"x2",-1.01967263016998,-1.18240908753346,-0.856936172806501,"CC",187
"gb",1.18626508926335,0.848274936280841,1.52425524224586,"CC",187
"x1",2.14738805480332,1.99471232936626,2.30006378024039,"MI",187
"x2",-1.02691137996449,-1.1597733480171,-0.89404941191188,"MI",187
"gb",1.27225345123147,0.975722054494487,1.56878484796844,"MI",187
"x1",2.23114085987945,2.08076822318457,2.38151349657432,"PMM",187
"x2",-1.0485132869562,-1.19154477877066,-0.905481795141736,"PMM",187
"gb",1.32371285615248,1.051309919712,1.59611579259296,"PMM",187
"x1",2.04790071724741,1.93109845182365,2.16470298267117,"FULL",188
"x2",-1.00715589368113,-1.121529933716,-0.892781853646265,"FULL",188
"gb",1.44151209068332,1.23689220030212,1.64613198106452,"FULL",188
"x1",1.86641086851184,1.68511456008319,2.04770717694049,"CC",188
"x2",-0.922151192375951,-1.09924488643364,-0.745057498318263,"CC",188
"gb",1.26394126534095,0.941931827384729,1.58595070329716,"CC",188
"x1",2.0425514413204,1.86736293027363,2.21773995236716,"MI",188
"x2",-1.01172121219679,-1.14430614010652,-0.879136284287068,"MI",188
"gb",1.45603563379268,1.12084349753464,1.79122777005072,"MI",188
"x1",1.97670758748454,1.81809649223844,2.13531868273064,"PMM",188
"x2",-0.993253401563221,-1.18488899602398,-0.801617807102465,"PMM",188
"gb",1.39920988868062,0.821373946545394,1.97704583081585,"PMM",188
"x1",1.94448353367019,1.83307776604885,2.05588930129154,"FULL",189
"x2",-0.9436706179447,-1.05247994904628,-0.834861286843123,"FULL",189
"gb",1.50862206108188,1.30866026059041,1.70858386157336,"FULL",189
"x1",1.74692382078295,1.57246627695528,1.92138136461062,"CC",189
"x2",-0.806931506159414,-0.969154814240599,-0.64470819807823,"CC",189
"gb",1.35430196669822,1.04378869478703,1.66481523860942,"CC",189
"x1",1.9183948877213,1.73991307778738,2.09687669765523,"MI",189
"x2",-0.900974627524711,-1.05837992558167,-0.743569329467754,"MI",189
"gb",1.48590415690536,1.19478514028902,1.7770231735217,"MI",189
"x1",1.90973962239706,1.78899688685146,2.03048235794267,"PMM",189
"x2",-0.917568373882658,-1.04303521750715,-0.792101530258162,"PMM",189
"gb",1.59056031757128,1.37222364690054,1.80889698824202,"PMM",189
"x1",2.06044452370978,1.95095674848887,2.16993229893068,"FULL",190
"x2",-1.03547410493025,-1.1437588743637,-0.927189335496805,"FULL",190
"gb",1.49888290209408,1.2969375504474,1.70082825374077,"FULL",190
"x1",1.97532379069322,1.79489553724626,2.15575204414017,"CC",190
"x2",-0.992098357993308,-1.15195423256683,-0.832242483419783,"CC",190
"gb",1.44407607931151,1.1197927433816,1.76835941524143,"CC",190
"x1",1.98632499182787,1.81132687651001,2.16132310714573,"MI",190
"x2",-1.03575660369335,-1.17730791114064,-0.894205296246054,"MI",190
"gb",1.5687828007074,1.29257755309139,1.84498804832341,"MI",190
"x1",2.0587751617812,1.89940829929942,2.21814202426299,"PMM",190
"x2",-1.03617389499345,-1.21536569223044,-0.856982097756464,"PMM",190
"gb",1.63158257014516,1.34946527414998,1.91369986614034,"PMM",190
"x1",1.92752016931774,1.8137591489694,2.04128118966608,"FULL",191
"x2",-1.02895235826491,-1.14380945823241,-0.914095258297416,"FULL",191
"gb",1.29628103970058,1.09757580651765,1.49498627288351,"FULL",191
"x1",1.775281371324,1.59457283884483,1.95598990380317,"CC",191
"x2",-0.845943985338109,-1.01871405169573,-0.67317391898049,"CC",191
"gb",1.29841736848665,0.97590221169189,1.62093252528142,"CC",191
"x1",1.83846294774903,1.68809404245472,1.98883185304333,"MI",191
"x2",-0.927866756789165,-1.04943489301657,-0.806298620561763,"MI",191
"gb",1.25212645575997,1.03162859811596,1.47262431340399,"MI",191
"x1",1.82748397256316,1.68254966552811,1.97241827959821,"PMM",191
"x2",-0.881046037919138,-1.01380720497111,-0.748284870867166,"PMM",191
"gb",1.29787619296997,0.921529242164969,1.67422314377496,"PMM",191
"x1",2.04094879551868,1.93422728659618,2.14767030444117,"FULL",192
"x2",-0.970855765279305,-1.07990914407959,-0.861802386479015,"FULL",192
"gb",1.39720426219963,1.20592502531791,1.58848349908136,"FULL",192
"x1",1.86833044415382,1.70683945844557,2.02982142986208,"CC",192
"x2",-0.954335680882924,-1.1182997953872,-0.790371566378652,"CC",192
"gb",1.3359128096151,1.06246796705309,1.60935765217712,"CC",192
"x1",2.04736740224922,1.92177759679529,2.17295720770315,"MI",192
"x2",-0.960224008673017,-1.09659403757441,-0.823853979771625,"MI",192
"gb",1.35527371353095,1.12428350946779,1.58626391759412,"MI",192
"x1",2.05762451396741,1.87426318594929,2.24098584198554,"PMM",192
"x2",-0.91241897740759,-1.0976711576035,-0.727166797211678,"PMM",192
"gb",1.28556962298461,0.977386079043972,1.59375316692525,"PMM",192
"x1",1.93759599189416,1.82458451603219,2.05060746775614,"FULL",193
"x2",-0.937629929881051,-1.04665120913143,-0.828608650630672,"FULL",193
"gb",1.55246963631581,1.35432547013501,1.75061380249661,"FULL",193
"x1",1.82031591442206,1.65236454512711,1.988267283717,"CC",193
"x2",-0.907979476583095,-1.06313833078167,-0.752820622384523,"CC",193
"gb",1.52292997616127,1.22127038644214,1.8245895658804,"CC",193
"x1",1.86229869847337,1.69716124703645,2.02743614991029,"MI",193
"x2",-0.909936402351577,-1.07139069857806,-0.748482106125094,"MI",193
"gb",1.48679277269168,1.21402251740692,1.75956302797643,"MI",193
"x1",1.89552259719191,1.73097093691886,2.06007425746495,"PMM",193
"x2",-0.901026185911979,-1.10499225026616,-0.697060121557795,"PMM",193
"gb",1.4255099590118,1.17638313302637,1.67463678499724,"PMM",193
"x1",1.99928667898419,1.89187829270339,2.10669506526499,"FULL",194
"x2",-0.948450076274776,-1.06093723369554,-0.835962918854016,"FULL",194
"gb",1.36529767170908,1.16405288060023,1.56654246281794,"FULL",194
"x1",1.95871391508457,1.78618921237523,2.13123861779392,"CC",194
"x2",-0.946895856704248,-1.11538706111934,-0.778404652289161,"CC",194
"gb",1.22953422876965,0.901848836726968,1.55721962081234,"CC",194
"x1",1.98496533491108,1.85508793770752,2.11484273211464,"MI",194
"x2",-0.961472091258314,-1.14387239291279,-0.77907178960384,"MI",194
"gb",1.19626063884353,0.908327907766738,1.48419336992032,"MI",194
"x1",2.08678295488316,1.91104968200657,2.26251622775975,"PMM",194
"x2",-0.987760353800641,-1.15622322574077,-0.819297481860511,"PMM",194
"gb",1.34592532775424,0.976701368363233,1.71514928714524,"PMM",194
"x1",2.03731506622757,1.92485168969978,2.14977844275535,"FULL",195
"x2",-1.0109613487677,-1.12224683949715,-0.899675858038252,"FULL",195
"gb",1.61586166639226,1.41331902665184,1.81840430613269,"FULL",195
"x1",1.95870612604704,1.78132221079987,2.13609004129422,"CC",195
"x2",-0.871370697336046,-1.04716430236276,-0.695577092309327,"CC",195
"gb",1.46775269948528,1.13175945430773,1.80374594466282,"CC",195
"x1",1.97212572519058,1.84780104017725,2.09645041020391,"MI",195
"x2",-0.91977036402454,-1.04122748592217,-0.798313242126914,"MI",195
"gb",1.44690917143294,1.22697017964868,1.66684816321719,"MI",195
"x1",2.01877979764864,1.76775817929687,2.26980141600041,"PMM",195
"x2",-0.950712416621776,-1.23944296161103,-0.66198187163252,"PMM",195
"gb",1.56617970840396,1.28021960528473,1.85213981152319,"PMM",195
"x1",1.9905420428666,1.8688737769397,2.11221030879351,"FULL",196
"x2",-1.02070410559681,-1.14845841185189,-0.89294979934174,"FULL",196
"gb",1.74542771229401,1.53517108466563,1.95568433992239,"FULL",196
"x1",1.99078127109437,1.79947935128714,2.18208319090161,"CC",196
"x2",-1.14565570330145,-1.34043219301032,-0.950879213592584,"CC",196
"gb",1.6325631117383,1.32145706642402,1.94366915705258,"CC",196
"x1",2.06089841833035,1.92995582679974,2.19184100986096,"MI",196
"x2",-1.05605929166841,-1.21308962910642,-0.899028954230395,"MI",196
"gb",1.83467774441437,1.55811708224041,2.11123840658833,"MI",196
"x1",2.07265710282585,1.92623677220252,2.21907743344918,"PMM",196
"x2",-1.07058896815985,-1.2157802426029,-0.925397693716809,"PMM",196
"gb",1.66474769907141,1.27378852440218,2.05570687374064,"PMM",196
"x1",1.96068159321222,1.84514385868971,2.07621932773472,"FULL",197
"x2",-0.992670645630503,-1.10924104984416,-0.876100241416849,"FULL",197
"gb",1.48898317363512,1.28723803683844,1.69072831043179,"FULL",197
"x1",1.73228955430445,1.56749765053103,1.89708145807788,"CC",197
"x2",-0.832838914921516,-0.978218984806936,-0.687458845036095,"CC",197
"gb",1.37297798895321,1.09904953460865,1.64690644329778,"CC",197
"x1",1.92321311092001,1.59533888806151,2.2510873337785,"MI",197
"x2",-0.950597351993885,-1.20642714011534,-0.694767563872434,"MI",197
"gb",1.51600642096592,1.1751986143078,1.85681422762404,"MI",197
"x1",1.94599591859677,1.77455228962019,2.11743954757335,"PMM",197
"x2",-0.946972663425996,-1.14666711300723,-0.747278213844766,"PMM",197
"gb",1.58170745373642,1.26013434377841,1.90328056369442,"PMM",197
"x1",1.9791268194721,1.86559332025587,2.09266031868832,"FULL",198
"x2",-1.09379230114677,-1.20428476771516,-0.983299834578392,"FULL",198
"gb",1.46216607428305,1.26308534666267,1.66124680190344,"FULL",198
"x1",1.90555702760647,1.74130176259402,2.06981229261892,"CC",198
"x2",-0.983448113442362,-1.13721699838694,-0.829679228497786,"CC",198
"gb",1.41628317968184,1.12508643064931,1.70747992871437,"CC",198
"x1",2.00144635694174,1.88149598294905,2.12139673093444,"MI",198
"x2",-1.03954254147501,-1.21325514474498,-0.86582993820504,"MI",198
"gb",1.30714430888694,1.09542908022026,1.51885953755363,"MI",198
"x1",2.02065750962243,1.84529869804813,2.19601632119672,"PMM",198
"x2",-1.06487691915916,-1.22257397848381,-0.907179859834514,"PMM",198
"gb",1.55995080555093,1.32670343977737,1.79319817132448,"PMM",198
"x1",1.94993803470664,1.83782111744775,2.06205495196553,"FULL",199
"x2",-1.04673276814321,-1.16050805580111,-0.932957480485323,"FULL",199
"gb",1.34473797351488,1.14255291528282,1.54692303174694,"FULL",199
"x1",1.90004536872376,1.72733984807618,2.07275088937134,"CC",199
"x2",-0.966924115651026,-1.14188891887919,-0.791959312422857,"CC",199
"gb",1.18760523727572,0.866260180950323,1.50895029360111,"CC",199
"x1",1.99169657417983,1.85440589939397,2.1289872489657,"MI",199
"x2",-1.0983667954248,-1.22812307127061,-0.968610519578992,"MI",199
"gb",1.24473267741496,0.999243483534846,1.49022187129508,"MI",199
"x1",1.9990912530045,1.87085409579952,2.12732841020948,"PMM",199
"x2",-1.098236691841,-1.28907108143293,-0.907402302249059,"PMM",199
"gb",1.30308727953054,0.836927549375388,1.76924700968569,"PMM",199
"x1",2.07436083507247,1.96393865010817,2.18478302003677,"FULL",200
"x2",-1.03700487743222,-1.14843719740248,-0.925572557461973,"FULL",200
"gb",1.57169356424064,1.37269038172624,1.77069674675504,"FULL",200
"x1",1.97481274560716,1.79082072105406,2.15880477016027,"CC",200
"x2",-0.970367800734066,-1.13630975992658,-0.804425841541548,"CC",200
"gb",1.49932440624421,1.2123961800981,1.78625263239032,"CC",200
"x1",2.18476478816716,2.02993061246456,2.33959896386976,"MI",200
"x2",-1.12509345229981,-1.24285935907364,-1.00732754552598,"MI",200
"gb",1.49701151090259,1.13886983661592,1.85515318518926,"MI",200
"x1",2.18679979256078,2.04895664140784,2.32464294371371,"PMM",200
"x2",-1.04231996943846,-1.16955198690808,-0.915087951968829,"PMM",200
"gb",1.55815256618677,1.31954213274612,1.79676299962743,"PMM",200
